Date,Week,Team 1,Team 2,Team 1 Score,Team 2 Score,Game Type
09/09/12,Week 1,Los Angeles Wildcats,Milwaukee Mustangs,84,105,Season
09/09/12,Week 1,Chicago Slaughter,Northern Arizona Wranglers,97,104,Season
09/09/12,Week 1,Miami Inferno,Vegas Knight Hawks,106,60,Season
09/09/12,Week 1,Boston Brawlers,Philadelphia Soul,42,81,Season
09/09/12,Week 1,Cedar Rapids Titans,Cleveland Gladiators,74,97,Season
09/09/12,Week 1,Brooklyn Bolts,Tucson Sugar Skulls,78,72,Season
09/16/12,Week 2,Northern Arizona Wranglers,Milwaukee Mustangs,70,84,Season
09/16/12,Week 2,Vegas Knight Hawks,Chicago Slaughter,84,95,Season
09/16/12,Week 2,Miami Inferno,Los Angeles Wildcats,57,112,Season
09/16/12,Week 2,Philadelphia Soul,Tucson Sugar Skulls,80,90,Season
09/16/12,Week 2,Cleveland Gladiators,Brooklyn Bolts,78,79,Season
09/16/12,Week 2,Cedar Rapids Titans,Boston Brawlers,87,73,Season
09/23/12,Week 3,Chicago Slaughter,Milwaukee Mustangs,77,113,Season
09/23/12,Week 3,Los Angeles Wildcats,Vegas Knight Hawks,85,56,Season
09/23/12,Week 3,Northern Arizona Wranglers,Miami Inferno,56,101,Season
09/23/12,Week 3,Brooklyn Bolts,Philadelphia Soul,66,62,Season
09/23/12,Week 3,Tucson Sugar Skulls,Cedar Rapids Titans,110,65,Season
09/23/12,Week 3,Boston Brawlers,Cleveland Gladiators,65,100,Season
09/30/12,Week 4,Milwaukee Mustangs,Vegas Knight Hawks,122,80,Season
09/30/12,Week 4,Chicago Slaughter,Miami Inferno,107,88,Season
09/30/12,Week 4,Los Angeles Wildcats,Northern Arizona Wranglers,125,72,Season
09/30/12,Week 4,Philadelphia Soul,Cleveland Gladiators,78,117,Season
09/30/12,Week 4,Cedar Rapids Titans,Brooklyn Bolts,92,119,Season
09/30/12,Week 4,Tucson Sugar Skulls,Boston Brawlers,64,82,Season
10/07/12,Week 5,Miami Inferno,Milwaukee Mustangs,69,91,Season
10/07/12,Week 5,Northern Arizona Wranglers,Vegas Knight Hawks,120,85,Season
10/07/12,Week 5,Chicago Slaughter,Los Angeles Wildcats,84,93,Season
10/07/12,Week 5,Philadelphia Soul,Cedar Rapids Titans,93,58,Season
10/07/12,Week 5,Cleveland Gladiators,Tucson Sugar Skulls,80,91,Season
10/07/12,Week 5,Brooklyn Bolts,Boston Brawlers,88,64,Season
10/14/12,Week 6,Philadelphia Soul,Milwaukee Mustangs,78,129,Season
10/14/12,Week 6,Boston Brawlers,Los Angeles Wildcats,45,113,Season
10/14/12,Week 6,Tucson Sugar Skulls,Miami Inferno,82.1,82,Season
10/14/12,Week 6,Brooklyn Bolts,Chicago Slaughter,89,88,Season
10/14/12,Week 6,Cleveland Gladiators,Vegas Knight Hawks,85,70,Season
10/14/12,Week 6,Cedar Rapids Titans,Northern Arizona Wranglers,76,72,Season
10/21/12,Week 7,Northern Arizona Wranglers,Tucson Sugar Skulls,121,57,Season
10/21/12,Week 7,Los Angeles Wildcats,Brooklyn Bolts,126,106,Season
10/21/12,Week 7,Miami Inferno,Cleveland Gladiators,52,67,Season
10/21/12,Week 7,Vegas Knight Hawks,Cedar Rapids Titans,70,72,Season
10/21/12,Week 7,Chicago Slaughter,Philadelphia Soul,71,66,Season
10/21/12,Week 7,Milwaukee Mustangs,Boston Brawlers,93,77,Season
10/28/12,Week 8,Philadelphia Soul,Northern Arizona Wranglers,125,78,Season
10/28/12,Week 8,Boston Brawlers,Chicago Slaughter,78,68,Season
10/28/12,Week 8,Tucson Sugar Skulls,Vegas Knight Hawks,71,63,Season
10/28/12,Week 8,Cleveland Gladiators,Los Angeles Wildcats,81,108,Season
10/28/12,Week 8,Brooklyn Bolts,Milwaukee Mustangs,72,79,Season
10/28/12,Week 8,Miami Inferno,Cedar Rapids Titans,89,67,Season
11/04/12,Week 9,Chicago Slaughter,Cleveland Gladiators,67,97,Season
11/04/12,Week 9,Northern Arizona Wranglers,Boston Brawlers,75,54,Season
11/04/12,Week 9,Vegas Knight Hawks,Brooklyn Bolts,112,87,Season
11/04/12,Week 9,Milwaukee Mustangs,Tucson Sugar Skulls,107,109,Season
11/04/12,Week 9,Los Angeles Wildcats,Philadelphia Soul,85,135,Season
11/04/12,Week 9,Cedar Rapids Titans,Miami Inferno,59,82,Season
11/11/12,Week 10,Philadelphia Soul,Boston Brawlers,78,99,Season
11/11/12,Week 10,Vegas Knight Hawks,Miami Inferno,54,107,Season
11/11/12,Week 10,Tucson Sugar Skulls,Brooklyn Bolts,72,73,Season
11/11/12,Week 10,Milwaukee Mustangs,Los Angeles Wildcats,98,80,Season
11/11/12,Week 10,Cleveland Gladiators,Cedar Rapids Titans,80,102,Season
11/11/12,Week 10,Northern Arizona Wranglers,Chicago Slaughter,104,80,Season
11/18/12,Week 11,Milwaukee Mustangs,Northern Arizona Wranglers,77,82,Season
11/18/12,Week 11,Tucson Sugar Skulls,Philadelphia Soul,109,90,Season
11/18/12,Week 11,Los Angeles Wildcats,Miami Inferno,120,55,Season
11/18/12,Week 11,Boston Brawlers,Cedar Rapids Titans,73,53,Season
11/18/12,Week 11,Chicago Slaughter,Vegas Knight Hawks,79,70,Season
11/18/12,Week 11,Brooklyn Bolts,Cleveland Gladiators,96,80,Season
11/25/12,Week 12,Milwaukee Mustangs,Chicago Slaughter,98,79,Season
11/25/12,Week 12,Philadelphia Soul,Brooklyn Bolts,97,121,Season
11/25/12,Week 12,Vegas Knight Hawks,Los Angeles Wildcats,48,90,Season
11/25/12,Week 12,Cleveland Gladiators,Boston Brawlers,85,77,Season
11/25/12,Week 12,Miami Inferno,Northern Arizona Wranglers,97,98,Season
11/25/12,Week 12,Cedar Rapids Titans,Tucson Sugar Skulls,69,131,Season
12/02/12,Week 13,Boston Brawlers,Tucson Sugar Skulls,62,67,Season
12/02/12,Week 13,Northern Arizona Wranglers,Los Angeles Wildcats,82,77,Season
12/02/12,Week 13,Brooklyn Bolts,Cedar Rapids Titans,110,105,Season
12/02/12,Week 13,Vegas Knight Hawks,Milwaukee Mustangs,73,98,Season
12/02/12,Week 13,Cleveland Gladiators,Philadelphia Soul,56,99,Season
12/02/12,Week 13,Miami Inferno,Chicago Slaughter,107,56,Season
12/09/12,Week 14,Milwaukee Mustangs,Miami Inferno,73,99,Season
12/09/12,Week 14,Los Angeles Wildcats,Chicago Slaughter,94,82,Season
12/09/12,Week 14,Boston Brawlers,Brooklyn Bolts,69,115,Season
12/09/12,Week 14,Tucson Sugar Skulls,Cleveland Gladiators,85,141,Season
12/09/12,Week 14,Vegas Knight Hawks,Northern Arizona Wranglers,63,65,Season
12/09/12,Week 14,Cedar Rapids Titans,Philadelphia Soul,52,130,Season
12/16/12,Playoff Week 1,Philadelphia Soul,Milwaukee Mustangs,103,124,Playoffs
12/16/12,Playoff Week 1,Tucson Sugar Skulls,Northern Arizona Wranglers,104,68,Playoffs
12/16/12,Playoff Week 1,Cleveland Gladiators,Los Angeles Wildcats,91,98,Playoffs
12/16/12,Playoff Week 1,Miami Inferno,Brooklyn Bolts,67,124,Playoffs
12/23/12,Playoff Week 2,Tucson Sugar Skulls,Milwaukee Mustangs,112,104,Playoffs
12/23/12,Playoff Week 2,Los Angeles Wildcats,Brooklyn Bolts,135,101,Playoffs
12/30/12,Playoff Week 3,Tucson Sugar Skulls,Los Angeles Wildcats,68,85,Playoffs
09/08/13,Week 1,Cleveland Gladiators,Milwaukee Mustangs,110,91,Season
09/08/13,Week 1,Cedar Rapids Titans,Boston Brawlers,101,72,Season
09/08/13,Week 1,Miami Inferno,Northern Arizona Wranglers,125,100,Season
09/08/13,Week 1,Tucson Sugar Skulls,Brooklyn Bolts,120,75,Season
09/08/13,Week 1,Vegas Knight Hawks,Los Angeles Wildcats,78,75,Season
09/08/13,Week 1,Chicago Slaughter,Philadelphia Soul,117,139,Season
09/15/13,Week 2,Boston Brawlers,Milwaukee Mustangs,33,122,Season
09/15/13,Week 2,Miami Inferno,Cleveland Gladiators,116,72,Season
09/15/13,Week 2,Northern Arizona Wranglers,Brooklyn Bolts,77,95,Season
09/15/13,Week 2,Philadelphia Soul,Los Angeles Wildcats,65,95,Season
09/15/13,Week 2,Cedar Rapids Titans,Vegas Knight Hawks,87,96,Season
09/15/13,Week 2,Tucson Sugar Skulls,Chicago Slaughter,71,91,Season
09/22/13,Week 3,Northern Arizona Wranglers,Milwaukee Mustangs,90,92,Season
09/22/13,Week 3,Cleveland Gladiators,Boston Brawlers,88,63,Season
09/22/13,Week 3,Brooklyn Bolts,Miami Inferno,103,54,Season
09/22/13,Week 3,Chicago Slaughter,Los Angeles Wildcats,85,103,Season
09/22/13,Week 3,Philadelphia Soul,Cedar Rapids Titans,42,76,Season
09/22/13,Week 3,Vegas Knight Hawks,Tucson Sugar Skulls,75,82,Season
09/29/13,Week 4,Miami Inferno,Milwaukee Mustangs,100,87,Season
09/29/13,Week 4,Northern Arizona Wranglers,Cleveland Gladiators,126,84,Season
09/29/13,Week 4,Boston Brawlers,Brooklyn Bolts,52,94,Season
09/29/13,Week 4,Tucson Sugar Skulls,Los Angeles Wildcats,138,89,Season
09/29/13,Week 4,Philadelphia Soul,Vegas Knight Hawks,84,136,Season
09/29/13,Week 4,Cedar Rapids Titans,Chicago Slaughter,89,98,Season
10/06/13,Week 5,Boston Brawlers,Cleveland Gladiators,49,77,Season
10/06/13,Week 5,Brooklyn Bolts,Northern Arizona Wranglers,104,89,Season
10/06/13,Week 5,Los Angeles Wildcats,Miami Inferno,94,74,Season
10/06/13,Week 5,Vegas Knight Hawks,Cedar Rapids Titans,66,85,Season
10/06/13,Week 5,Philadelphia Soul,Tucson Sugar Skulls,94,106,Season
10/06/13,Week 5,Milwaukee Mustangs,Chicago Slaughter,102,89,Season
10/13/13,Week 6,Brooklyn Bolts,Milwaukee Mustangs,84,71,Season
10/13/13,Week 6,Northern Arizona Wranglers,Boston Brawlers,63,45,Season
10/13/13,Week 6,Cleveland Gladiators,Los Angeles Wildcats,119,93,Season
10/13/13,Week 6,Chicago Slaughter,Vegas Knight Hawks,109,93,Season
10/13/13,Week 6,Miami Inferno,Philadelphia Soul,78,67,Season
10/13/13,Week 6,Cedar Rapids Titans,Tucson Sugar Skulls,83,65,Season
10/20/13,Week 7,Vegas Knight Hawks,Boston Brawlers,91,68,Season
10/20/13,Week 7,Tucson Sugar Skulls,Northern Arizona Wranglers,99,70,Season
10/20/13,Week 7,Milwaukee Mustangs,Los Angeles Wildcats,90,111,Season
10/20/13,Week 7,Miami Inferno,Cedar Rapids Titans,55,105,Season
10/20/13,Week 7,Brooklyn Bolts,Philadelphia Soul,56,47,Season
10/20/13,Week 7,Cleveland Gladiators,Chicago Slaughter,79,87,Season
10/27/13,Week 8,Tucson Sugar Skulls,Milwaukee Mustangs,68,99,Season
10/27/13,Week 8,Boston Brawlers,Miami Inferno,64,80,Season
10/27/13,Week 8,Cleveland Gladiators,Brooklyn Bolts,61,106,Season
10/27/13,Week 8,Los Angeles Wildcats,Cedar Rapids Titans,116,77,Season
10/27/13,Week 8,Northern Arizona Wranglers,Vegas Knight Hawks,111,78,Season
10/27/13,Week 8,Philadelphia Soul,Chicago Slaughter,65,80,Season
11/03/13,Week 9,Tucson Sugar Skulls,Cleveland Gladiators,147,76,Season
11/03/13,Week 9,Los Angeles Wildcats,Northern Arizona Wranglers,92,63,Season
11/03/13,Week 9,Vegas Knight Hawks,Miami Inferno,83,91,Season
11/03/13,Week 9,Chicago Slaughter,Brooklyn Bolts,76,137,Season
11/03/13,Week 9,Milwaukee Mustangs,Cedar Rapids Titans,85,76,Season
11/03/13,Week 9,Boston Brawlers,Philadelphia Soul,71,71.01,Season
11/10/13,Week 10,Vegas Knight Hawks,Milwaukee Mustangs,55,102,Season
11/10/13,Week 10,Philadelphia Soul,Cleveland Gladiators,67,103,Season
11/10/13,Week 10,Los Angeles Wildcats,Boston Brawlers,94,67,Season
11/10/13,Week 10,Chicago Slaughter,Northern Arizona Wranglers,74,98,Season
11/10/13,Week 10,Brooklyn Bolts,Cedar Rapids Titans,44,55,Season
11/10/13,Week 10,Miami Inferno,Tucson Sugar Skulls,78,87,Season
11/17/13,Week 11,Chicago Slaughter,Miami Inferno,79,88,Season
11/17/13,Week 11,Los Angeles Wildcats,Brooklyn Bolts,109,141,Season
11/17/13,Week 11,Northern Arizona Wranglers,Cedar Rapids Titans,58,83,Season
11/17/13,Week 11,Cleveland Gladiators,Vegas Knight Hawks,87,68,Season
11/17/13,Week 11,Milwaukee Mustangs,Philadelphia Soul,93,53,Season
11/17/13,Week 11,Boston Brawlers,Tucson Sugar Skulls,76,101,Season
11/24/13,Week 12,Milwaukee Mustangs,Cleveland Gladiators,93,69,Season
11/24/13,Week 12,Northern Arizona Wranglers,Miami Inferno,95,107,Season
11/24/13,Week 12,Cedar Rapids Titans,Los Angeles Wildcats,64,109,Season
11/24/13,Week 12,Brooklyn Bolts,Vegas Knight Hawks,88,94,Season
11/24/13,Week 12,Tucson Sugar Skulls,Philadelphia Soul,54,54.01,Season
11/24/13,Week 12,Boston Brawlers,Chicago Slaughter,91,95,Season
12/01/13,Week 13,Cedar Rapids Titans,Cleveland Gladiators,102,77,Season
12/01/13,Week 13,Milwaukee Mustangs,Boston Brawlers,77,40,Season
12/01/13,Week 13,Philadelphia Soul,Northern Arizona Wranglers,73,41,Season
12/01/13,Week 13,Miami Inferno,Brooklyn Bolts,91,121,Season
12/01/13,Week 13,Los Angeles Wildcats,Vegas Knight Hawks,103,106,Season
12/01/13,Week 13,Chicago Slaughter,Tucson Sugar Skulls,89,103,Season
12/08/13,Week 14,Brooklyn Bolts,Boston Brawlers,111,40,Season
12/08/13,Week 14,Cleveland Gladiators,Northern Arizona Wranglers,38,127,Season
12/08/13,Week 14,Milwaukee Mustangs,Miami Inferno,114,57,Season
12/08/13,Week 14,Vegas Knight Hawks,Philadelphia Soul,92,61,Season
12/08/13,Week 14,Los Angeles Wildcats,Tucson Sugar Skulls,102,126,Season
12/08/13,Week 14,Cedar Rapids Titans,Chicago Slaughter,98,87,Season
12/15/13,Playoff Week 1,Los Angeles Wildcats,Cedar Rapids Titans,158,70,Playoffs
12/15/13,Playoff Week 1,Miami Inferno,Tucson Sugar Skulls,105,88,Playoffs
12/22/13,Playoff Week 2,Milwaukee Mustangs,Los Angeles Wildcats,125,80,Playoffs
12/22/13,Playoff Week 2,Brooklyn Bolts,Miami Inferno,73,66,Playoffs
12/22/13,Playoff Week 3,Brooklyn Bolts,Milwaukee Mustangs,102,61,Playoffs
09/07/14,Week 1,Milwaukee Mustangs,Cleveland Gladiators,119,131,Season
09/07/14,Week 1,Los Angeles Wildcats,Northern Arizona Wranglers,100,81,Season
09/07/14,Week 1,Brooklyn Bolts,Miami Inferno,113,150,Season
09/07/14,Week 1,Philadelphia Soul,Vegas Knight Hawks,116,139,Season
09/07/14,Week 1,Cedar Rapids Titans,Chicago Slaughter,141,125,Season
09/07/14,Week 1,Boston Brawlers,Tucson Sugar Skulls,94,98,Season
09/14/14,Week 2,Cleveland Gladiators,Northern Arizona Wranglers,91,131,Season
09/14/14,Week 2,Tucson Sugar Skulls,Vegas Knight Hawks,131,74,Season
09/14/14,Week 2,Cedar Rapids Titans,Milwaukee Mustangs,87,91,Season
09/14/14,Week 2,Miami Inferno,Philadelphia Soul,124,125,Season
09/14/14,Week 2,Chicago Slaughter,Los Angeles Wildcats,93,142,Season
09/14/14,Week 2,Brooklyn Bolts,Boston Brawlers,136,86,Season
09/21/14,Week 3,Milwaukee Mustangs,Los Angeles Wildcats,129,99,Season
09/21/14,Week 3,Northern Arizona Wranglers,Chicago Slaughter,69,168,Season
09/21/14,Week 3,Boston Brawlers,Philadelphia Soul,99,104,Season
09/21/14,Week 3,Cleveland Gladiators,Cedar Rapids Titans,103,101,Season
09/21/14,Week 3,Vegas Knight Hawks,Miami Inferno,82,132,Season
09/21/14,Week 3,Tucson Sugar Skulls,Brooklyn Bolts,108,100,Season
09/28/14,Week 4,Philadelphia Soul,Chicago Slaughter,99,46,Season
09/28/14,Week 4,Cleveland Gladiators,Tucson Sugar Skulls,55,114,Season
09/28/14,Week 4,Vegas Knight Hawks,Northern Arizona Wranglers,116,128,Season
09/28/14,Week 4,Milwaukee Mustangs,Brooklyn Bolts,156,89,Season
09/28/14,Week 4,Cedar Rapids Titans,Boston Brawlers,141,113,Season
09/28/14,Week 4,Miami Inferno,Los Angeles Wildcats,101,164,Season
10/05/14,Week 5,Northern Arizona Wranglers,Cedar Rapids Titans,102,82,Season
10/05/14,Week 5,Chicago Slaughter,Milwaukee Mustangs,103,138,Season
10/05/14,Week 5,Boston Brawlers,Vegas Knight Hawks,86,92,Season
10/05/14,Week 5,Los Angeles Wildcats,Cleveland Gladiators,106,155,Season
10/05/14,Week 5,Brooklyn Bolts,Philadelphia Soul,69,96,Season
10/05/14,Week 5,Miami Inferno,Tucson Sugar Skulls,174,126,Season
10/12/14,Week 6,Chicago Slaughter,Cleveland Gladiators,114,119,Season
10/12/14,Week 6,Tucson Sugar Skulls,Philadelphia Soul,100,92,Season
10/12/14,Week 6,Milwaukee Mustangs,Northern Arizona Wranglers,147,112,Season
10/12/14,Week 6,Boston Brawlers,Miami Inferno,102,116,Season
10/12/14,Week 6,Los Angeles Wildcats,Brooklyn Bolts,122,88,Season
10/12/14,Week 6,Vegas Knight Hawks,Cedar Rapids Titans,115,132,Season
10/19/14,Week 7,Brooklyn Bolts,Vegas Knight Hawks,117,102,Season
10/19/14,Week 7,Cleveland Gladiators,Boston Brawlers,117,102,Season
10/19/14,Week 7,Tucson Sugar Skulls,Milwaukee Mustangs,129,125,Season
10/19/14,Week 7,Miami Inferno,Chicago Slaughter,119,82,Season
10/19/14,Week 7,Cedar Rapids Titans,Los Angeles Wildcats,102,106,Season
10/19/14,Week 7,Philadelphia Soul,Northern Arizona Wranglers,108,94,Season
10/26/14,Week 8,Cleveland Gladiators,Brooklyn Bolts,164,71,Season
10/26/14,Week 8,Milwaukee Mustangs,Vegas Knight Hawks,138,115,Season
10/26/14,Week 8,Northern Arizona Wranglers,Miami Inferno,99,166,Season
10/26/14,Week 8,Boston Brawlers,Chicago Slaughter,144,97,Season
10/26/14,Week 8,Cedar Rapids Titans,Philadelphia Soul,140,103,Season
10/26/14,Week 8,Los Angeles Wildcats,Tucson Sugar Skulls,113,164,Season
11/02/14,Week 9,Milwaukee Mustangs,Boston Brawlers,83,95,Season
11/02/14,Week 9,Miami Inferno,Cleveland Gladiators,140,154,Season
11/02/14,Week 9,Tucson Sugar Skulls,Cedar Rapids Titans,93,84,Season
11/02/14,Week 9,Philadelphia Soul,Los Angeles Wildcats,81,120,Season
11/02/14,Week 9,Vegas Knight Hawks,Chicago Slaughter,122,130,Season
11/02/14,Week 9,Brooklyn Bolts,Northern Arizona Wranglers,93,100,Season
11/09/14,Week 10,Miami Inferno,Milwaukee Mustangs,111,111.01,Season
11/09/14,Week 10,Los Angeles Wildcats,Vegas Knight Hawks,136,87,Season
11/09/14,Week 10,Cleveland Gladiators,Philadelphia Soul,94,139,Season
11/09/14,Week 10,Cedar Rapids Titans,Brooklyn Bolts,85,89,Season
11/09/14,Week 10,Chicago Slaughter,Tucson Sugar Skulls,165,125,Season
11/09/14,Week 10,Boston Brawlers,Northern Arizona Wranglers,136,96,Season
11/16/14,Week 11,Cleveland Gladiators,Milwaukee Mustangs,132,120,Season
11/16/14,Week 11,Vegas Knight Hawks,Philadelphia Soul,119,129,Season
11/16/14,Week 11,Northern Arizona Wranglers,Los Angeles Wildcats,81,104,Season
11/16/14,Week 11,Chicago Slaughter,Brooklyn Bolts,70,112,Season
11/16/14,Week 11,Miami Inferno,Cedar Rapids Titans,113,105,Season
11/16/14,Week 11,Tucson Sugar Skulls,Boston Brawlers,143,98,Season
11/23/14,Week 12,Philadelphia Soul,Miami Inferno,111,117,Season
11/23/14,Week 12,Los Angeles Wildcats,Chicago Slaughter,126,90,Season
11/23/14,Week 12,Milwaukee Mustangs,Cedar Rapids Titans,145,114,Season
11/23/14,Week 12,Vegas Knight Hawks,Cleveland Gladiators,93,103,Season
11/23/14,Week 12,Northern Arizona Wranglers,Tucson Sugar Skulls,90,144,Season
11/23/14,Week 12,Boston Brawlers,Brooklyn Bolts,121,136,Season
11/30/14,Week 13,Los Angeles Wildcats,Boston Brawlers,125,142,Season
11/30/14,Week 13,Philadelphia Soul,Milwaukee Mustangs,109,119,Season
11/30/14,Week 13,Chicago Slaughter,Northern Arizona Wranglers,158,80,Season
11/30/14,Week 13,Cedar Rapids Titans,Cleveland Gladiators,90,143,Season
11/30/14,Week 13,Miami Inferno,Vegas Knight Hawks,147,108,Season
11/30/14,Week 13,Brooklyn Bolts,Tucson Sugar Skulls,81,176,Season
12/07/14,Playoff Week 1,Milwaukee Mustangs,Miami Inferno,130,122,Playoffs
12/07/14,Playoff Week 1,Philadelphia Soul,Los Angeles Wildcats,78,142,Playoffs
12/14/14,Playoff Week 2,Milwaukee Mustangs,Tucson Sugar Skulls,154,116,Playoffs
12/14/14,Playoff Week 2,Los Angeles Wildcats,Cleveland Gladiators,90,134,Playoffs
12/21/14,Playoff Week 3,Milwaukee Mustangs,Cleveland Gladiators,141,118,Playoffs
09/13/15,Week 1,Philadelphia Soul,Los Angeles Wildcats,152.3,134.6,Season
09/13/15,Week 1,Vegas Knight Hawks,Boston Brawlers,130.1,120.2,Season
09/13/15,Week 1,Northern Arizona Wranglers,Tucson Sugar Skulls,97.2,92.3,Season
09/13/15,Week 1,Brooklyn Bolts,Miami Inferno,99.3,116.6,Season
09/13/15,Week 1,Cedar Rapids Titans,Chicago Slaughter,131.8,90.6,Season
09/13/15,Week 1,Cleveland Gladiators,Milwaukee Mustangs,104.1,144.9,Season
09/20/15,Week 2,Boston Brawlers,Philadelphia Soul,102.6,112.3,Season
09/20/15,Week 2,Vegas Knight Hawks,Los Angeles Wildcats,89.7,112.8,Season
09/20/15,Week 2,Brooklyn Bolts,Northern Arizona Wranglers,99.1,91.5,Season
09/20/15,Week 2,Miami Inferno,Tucson Sugar Skulls,111.9,149.4,Season
09/20/15,Week 2,Cleveland Gladiators,Cedar Rapids Titans,148.5,107.8,Season
09/20/15,Week 2,Milwaukee Mustangs,Chicago Slaughter,112.6,112.3,Season
09/27/15,Week 3,Los Angeles Wildcats,Boston Brawlers,106.5,141,Season
09/27/15,Week 3,Philadelphia Soul,Vegas Knight Hawks,127,142.6,Season
09/27/15,Week 3,Tucson Sugar Skulls,Brooklyn Bolts,186.1,127.6,Season
09/27/15,Week 3,Northern Arizona Wranglers,Miami Inferno,153.9,103.4,Season
09/27/15,Week 3,Chicago Slaughter,Cleveland Gladiators,232.1,88.9,Season
09/27/15,Week 3,Cedar Rapids Titans,Milwaukee Mustangs,106,85.5,Season
10/04/15,Week 4,Tucson Sugar Skulls,Los Angeles Wildcats,100.1,91.3,Season
10/04/15,Week 4,Milwaukee Mustangs,Vegas Knight Hawks,143.4,94.7,Season
10/04/15,Week 4,Philadelphia Soul,Northern Arizona Wranglers,111.6,81.9,Season
10/04/15,Week 4,Cedar Rapids Titans,Brooklyn Bolts,113.4,88.3,Season
10/04/15,Week 4,Miami Inferno,Chicago Slaughter,80.4,106.3,Season
10/04/15,Week 4,Boston Brawlers,Cleveland Gladiators,124.7,71.5,Season
10/11/15,Week 5,Brooklyn Bolts,Los Angeles Wildcats,140.3,103.4,Season
10/11/15,Week 5,Chicago Slaughter,Vegas Knight Hawks,152.8,143.8,Season
10/11/15,Week 5,Cleveland Gladiators,Northern Arizona Wranglers,149.2,99.5,Season
10/11/15,Week 5,Philadelphia Soul,Tucson Sugar Skulls,111,114.7,Season
10/11/15,Week 5,Milwaukee Mustangs,Miami Inferno,100.2,132.7,Season
10/11/15,Week 5,Boston Brawlers,Cedar Rapids Titans,102.6,99.4,Season
10/18/15,Week 6,Milwaukee Mustangs,Philadelphia Soul,113.2,152.2,Season
10/18/15,Week 6,Miami Inferno,Boston Brawlers,137.6,144.8,Season
10/18/15,Week 6,Vegas Knight Hawks,Tucson Sugar Skulls,158.8,103.5,Season
10/18/15,Week 6,Chicago Slaughter,Brooklyn Bolts,109,97.2,Season
10/18/15,Week 6,Northern Arizona Wranglers,Cedar Rapids Titans,73,120.6,Season
10/18/15,Week 6,Los Angeles Wildcats,Cleveland Gladiators,135,142.8,Season
10/25/15,Week 7,Miami Inferno,Los Angeles Wildcats,172.7,100,Season
10/25/15,Week 7,Cedar Rapids Titans,Vegas Knight Hawks,111.4,116.7,Season
10/25/15,Week 7,Philadelphia Soul,Brooklyn Bolts,107.6,140.5,Season
10/25/15,Week 7,Northern Arizona Wranglers,Chicago Slaughter,135.4,130.3,Season
10/25/15,Week 7,Tucson Sugar Skulls,Cleveland Gladiators,79.3,107.6,Season
10/25/15,Week 7,Boston Brawlers,Milwaukee Mustangs,143.5,133.5,Season
11/01/15,Week 8,Miami Inferno,Philadelphia Soul,102.5,98.1,Season
11/01/15,Week 8,Brooklyn Bolts,Boston Brawlers,123.5,114.7,Season
11/01/15,Week 8,Cleveland Gladiators,Vegas Knight Hawks,111.5,113.2,Season
11/01/15,Week 8,Milwaukee Mustangs,Northern Arizona Wranglers,104.5,103.5,Season
11/01/15,Week 8,Chicago Slaughter,Tucson Sugar Skulls,141.9,77.9,Season
11/01/15,Week 8,Los Angeles Wildcats,Cedar Rapids Titans,164,106.5,Season
11/08/15,Week 9,Chicago Slaughter,Philadelphia Soul,122.1,129.3,Season
11/08/15,Week 9,Northern Arizona Wranglers,Boston Brawlers,148.8,111.8,Season
11/08/15,Week 9,Cedar Rapids Titans,Tucson Sugar Skulls,95.8,134.9,Season
11/08/15,Week 9,Cleveland Gladiators,Miami Inferno,143.8,118.8,Season
11/08/15,Week 9,Los Angeles Wildcats,Milwaukee Mustangs,123.3,185.7,Season
11/08/15,Week 9,Vegas Knight Hawks,Brooklyn Bolts,114,137.3,Season
11/15/15,Week 10,Vegas Knight Hawks,Miami Inferno,112.4,98,Season
11/15/15,Week 10,Philadelphia Soul,Cedar Rapids Titans,94.6,123.4,Season
11/15/15,Week 10,Boston Brawlers,Chicago Slaughter,125.9,133.9,Season
11/15/15,Week 10,Brooklyn Bolts,Cleveland Gladiators,126.3,100.2,Season
11/15/15,Week 10,Tucson Sugar Skulls,Milwaukee Mustangs,80.1,118.1,Season
11/15/15,Week 10,Northern Arizona Wranglers,Los Angeles Wildcats,139.6,80.9,Season
11/22/15,Week 11,Philadelphia Soul,Los Angeles Wildcats,82,95.4,Season
11/22/15,Week 11,Boston Brawlers,Vegas Knight Hawks,91.5,107.5,Season
11/22/15,Week 11,Tucson Sugar Skulls,Northern Arizona Wranglers,121.9,112.5,Season
11/22/15,Week 11,Miami Inferno,Brooklyn Bolts,107,117.8,Season
11/22/15,Week 11,Chicago Slaughter,Cedar Rapids Titans,127.2,92.8,Season
11/22/15,Week 11,Milwaukee Mustangs,Cleveland Gladiators,85.4,81.5,Season
11/29/15,Week 12,Philadelphia Soul,Boston Brawlers,105.5,116.7,Season
11/29/15,Week 12,Los Angeles Wildcats,Vegas Knight Hawks,124.8,130.9,Season
11/29/15,Week 12,Northern Arizona Wranglers,Brooklyn Bolts,126.6,115.7,Season
11/29/15,Week 12,Tucson Sugar Skulls,Miami Inferno,98.8,113.5,Season
11/29/15,Week 12,Cedar Rapids Titans,Cleveland Gladiators,92.9,119,Season
11/29/15,Week 12,Chicago Slaughter,Milwaukee Mustangs,149,165.2,Season
12/06/15,Week 13,Vegas Knight Hawks,Philadelphia Soul,136.2,159.4,Season
12/06/15,Week 13,Boston Brawlers,Los Angeles Wildcats,104.5,129.5,Season
12/06/15,Week 13,Miami Inferno,Northern Arizona Wranglers,129,132.5,Season
12/06/15,Week 13,Brooklyn Bolts,Tucson Sugar Skulls,128,119,Season
12/06/15,Week 13,Milwaukee Mustangs,Cedar Rapids Titans,128.8,112.1,Season
12/06/15,Week 13,Cleveland Gladiators,Chicago Slaughter,96.1,106.4,Season
12/13/15,Playoff Week 1,Northern Arizona Wranglers,Chicago Slaughter,112,91.4,Playoffs
12/13/15,Playoff Week 1,Boston Brawlers,Vegas Knight Hawks,76.6,107.8,Playoffs
12/20/15,Playoff Week 2,Northern Arizona Wranglers,Milwaukee Mustangs,143.8,144.7,Playoffs
12/20/15,Playoff Week 2,Vegas Knight Hawks,Brooklyn Bolts,142.6,112.2,Playoffs
12/27/15,Playoff Week 3,Vegas Knight Hawks,Milwaukee Mustangs,142.8,100.5,Playoffs
09/11/16,Week 1,Cedar Rapids Titans,Philadelphia Soul,109.1,119.4,Season
09/11/16,Week 1,Los Angeles Wildcats,Brooklyn Bolts,146.5,94,Season
09/11/16,Week 1,Tucson Sugar Skulls,Cleveland Gladiators,120.3,149.9,Season
09/11/16,Week 1,Vegas Knight Hawks,Milwaukee Mustangs,98.6,152.4,Season
09/11/16,Week 1,Northern Arizona Wranglers,Chicago Slaughter,146.1,120.5,Season
09/11/16,Week 1,Boston Brawlers,Miami Inferno,114.5,153.2,Season
09/18/16,Week 2,Philadelphia Soul,Vegas Knight Hawks,106.8,155,Season
09/18/16,Week 2,Los Angeles Wildcats,Boston Brawlers,115,126.1,Season
09/18/16,Week 2,Cleveland Gladiators,Milwaukee Mustangs,133.1,102.2,Season
09/18/16,Week 2,Cedar Rapids Titans,Chicago Slaughter,136.2,93.8,Season
09/18/16,Week 2,Miami Inferno,Brooklyn Bolts,142.6,131,Season
09/18/16,Week 2,Tucson Sugar Skulls,Northern Arizona Wranglers,108.6,115.7,Season
09/25/16,Week 3,Milwaukee Mustangs,Philadelphia Soul,118.8,80.5,Season
09/25/16,Week 3,Northern Arizona Wranglers,Los Angeles Wildcats,118.5,51.4,Season
09/25/16,Week 3,Vegas Knight Hawks,Cleveland Gladiators,62,102.6,Season
09/25/16,Week 3,Miami Inferno,Cedar Rapids Titans,138,116.8,Season
09/25/16,Week 3,Chicago Slaughter,Brooklyn Bolts,161.4,94.6,Season
09/25/16,Week 3,Boston Brawlers,Tucson Sugar Skulls,157.1,93.2,Season
10/02/16,Week 4,Philadelphia Soul,Boston Brawlers,107.2,128.9,Season
10/02/16,Week 4,Vegas Knight Hawks,Los Angeles Wildcats,110.1,108.3,Season
10/02/16,Week 4,Milwaukee Mustangs,Cedar Rapids Titans,99.2,119.8,Season
10/02/16,Week 4,Cleveland Gladiators,Chicago Slaughter,124.1,109,Season
10/02/16,Week 4,Brooklyn Bolts,Tucson Sugar Skulls,151.2,112.4,Season
10/02/16,Week 4,Miami Inferno,Northern Arizona Wranglers,89.4,88.6,Season
10/09/16,Week 5,Northern Arizona Wranglers,Vegas Knight Hawks,116.9,147.9,Season
10/09/16,Week 5,Chicago Slaughter,Boston Brawlers,106.7,86.1,Season
10/09/16,Week 5,Los Angeles Wildcats,Milwaukee Mustangs,102.4,99,Season
10/09/16,Week 5,Brooklyn Bolts,Cedar Rapids Titans,102.6,118.1,Season
10/09/16,Week 5,Cleveland Gladiators,Miami Inferno,137.4,144.8,Season
10/09/16,Week 5,Philadelphia Soul,Tucson Sugar Skulls,119.4,166.1,Season
10/16/16,Week 6,Chicago Slaughter,Philadelphia Soul,128.2,135.2,Season
10/16/16,Week 6,Miami Inferno,Los Angeles Wildcats,179.1,117.3,Season
10/16/16,Week 6,Vegas Knight Hawks,Cedar Rapids Titans,113.3,119.4,Season
10/16/16,Week 6,Cleveland Gladiators,Brooklyn Bolts,122.2,95.1,Season
10/16/16,Week 6,Milwaukee Mustangs,Tucson Sugar Skulls,98.3,96.6,Season
10/16/16,Week 6,Boston Brawlers,Northern Arizona Wranglers,89.4,162.6,Season
10/23/16,Week 7,Boston Brawlers,Vegas Knight Hawks,156.5,121.4,Season
10/23/16,Week 7,Los Angeles Wildcats,Philadelphia Soul,142.5,84,Season
10/23/16,Week 7,Cedar Rapids Titans,Cleveland Gladiators,86,101.1,Season
10/23/16,Week 7,Chicago Slaughter,Milwaukee Mustangs,123.2,96.4,Season
10/23/16,Week 7,Tucson Sugar Skulls,Miami Inferno,117,151.9,Season
10/23/16,Week 7,Northern Arizona Wranglers,Brooklyn Bolts,72.5,126.4,Season
10/30/16,Week 8,Chicago Slaughter,Vegas Knight Hawks,124.2,108.4,Season
10/30/16,Week 8,Cedar Rapids Titans,Boston Brawlers,113,134.2,Season
10/30/16,Week 8,Tucson Sugar Skulls,Los Angeles Wildcats,118.4,125.4,Season
10/30/16,Week 8,Northern Arizona Wranglers,Cleveland Gladiators,129.8,101.1,Season
10/30/16,Week 8,Brooklyn Bolts,Milwaukee Mustangs,123.2,181.7,Season
10/30/16,Week 8,Philadelphia Soul,Miami Inferno,118.1,108.6,Season
11/06/16,Week 9,Vegas Knight Hawks,Philadelphia Soul,113.3,95.1,Season
11/06/16,Week 9,Boston Brawlers,Los Angeles Wildcats,138.9,112.8,Season
11/06/16,Week 9,Milwaukee Mustangs,Cleveland Gladiators,97.8,167.8,Season
11/06/16,Week 9,Chicago Slaughter,Cedar Rapids Titans,98.9,137.2,Season
11/06/16,Week 9,Brooklyn Bolts,Miami Inferno,162.2,125.3,Season
11/06/16,Week 9,Northern Arizona Wranglers,Tucson Sugar Skulls,80.8,82.1,Season
11/13/16,Week 10,Cleveland Gladiators,Philadelphia Soul,132.2,112.7,Season
11/13/16,Week 10,Los Angeles Wildcats,Chicago Slaughter,136.8,122.3,Season
11/13/16,Week 10,Vegas Knight Hawks,Miami Inferno,131,109.8,Season
11/13/16,Week 10,Boston Brawlers,Brooklyn Bolts,126.4,94.2,Season
11/13/16,Week 10,Cedar Rapids Titans,Tucson Sugar Skulls,104,109.8,Season
11/13/16,Week 10,Milwaukee Mustangs,Northern Arizona Wranglers,166.4,94.6,Season
11/20/16,Week 11,Brooklyn Bolts,Vegas Knight Hawks,92.8,135.5,Season
11/20/16,Week 11,Cleveland Gladiators,Boston Brawlers,147.6,114.3,Season
11/20/16,Week 11,Miami Inferno,Milwaukee Mustangs,114.2,115,Season
11/20/16,Week 11,Los Angeles Wildcats,Cedar Rapids Titans,97.1,112.9,Season
11/20/16,Week 11,Tucson Sugar Skulls,Chicago Slaughter,78.5,125.4,Season
11/20/16,Week 11,Philadelphia Soul,Northern Arizona Wranglers,101.7,126.6,Season
11/27/16,Week 12,Vegas Knight Hawks,Boston Brawlers,128.8,147.5,Season
11/27/16,Week 12,Philadelphia Soul,Los Angeles Wildcats,130.4,87.2,Season
11/27/16,Week 12,Cleveland Gladiators,Cedar Rapids Titans,104.6,149.9,Season
11/27/16,Week 12,Milwaukee Mustangs,Chicago Slaughter,117.7,140.3,Season
11/27/16,Week 12,Miami Inferno,Tucson Sugar Skulls,159.6,80.5,Season
11/27/16,Week 12,Brooklyn Bolts,Northern Arizona Wranglers,102,106.3,Season
12/04/16,Week 13,Los Angeles Wildcats,Vegas Knight Hawks,109.1,102.5,Season
12/04/16,Week 13,Boston Brawlers,Philadelphia Soul,116.1,121.7,Season
12/04/16,Week 13,Chicago Slaughter,Cleveland Gladiators,144.7,114.5,Season
12/04/16,Week 13,Cedar Rapids Titans,Milwaukee Mustangs,130.8,142.3,Season
12/04/16,Week 13,Northern Arizona Wranglers,Miami Inferno,82.8,105.7,Season
12/04/16,Week 13,Tucson Sugar Skulls,Brooklyn Bolts,69.3,123.2,Season
12/11/16,Playoff Week 1,Milwaukee Mustangs,Chicago Slaughter,94.6,87.3,Playoffs
12/11/16,Playoff Week 1,Cedar Rapids Titans,Boston Brawlers,127.2,84.2,Playoffs
12/18/16,Playoff Week 2,Cedar Rapids Titans,Miami Inferno,98.3,178.5,Playoffs
12/18/16,Playoff Week 2,Milwaukee Mustangs,Cleveland Gladiators,98.3,117.5,Playoffs
12/25/16,Playoff Week 3,Cleveland Gladiators,Miami Inferno,109.7,155.2,Playoffs
09/10/17,Week 1,Cedar Rapids Titans,Philadelphia Soul,87.1,139.9,Season
09/10/17,Week 1,Los Angeles Wildcats,Brooklyn Bolts,90.3,119.4,Season
09/10/17,Week 1,Vegas Knight Hawks,Cleveland Gladiators,90.7,117.8,Season
09/10/17,Week 1,Tucson Sugar Skulls,Milwaukee Mustangs,125.6,82.9,Season
09/10/17,Week 1,Northern Arizona Wranglers,Chicago Slaughter,134.3,98.2,Season
09/10/17,Week 1,Boston Brawlers,Miami Inferno,89.9,112.5,Season
09/17/17,Week 2,Philadelphia Soul,Tucson Sugar Skulls,104.4,99.8,Season
09/17/17,Week 2,Los Angeles Wildcats,Boston Brawlers,106.9,111.3,Season
09/17/17,Week 2,Cleveland Gladiators,Milwaukee Mustangs,110.5,115.1,Season
09/17/17,Week 2,Cedar Rapids Titans,Chicago Slaughter,120.9,129.7,Season
09/17/17,Week 2,Miami Inferno,Brooklyn Bolts,115,80.3,Season
09/17/17,Week 2,Vegas Knight Hawks,Northern Arizona Wranglers,104.4,158.7,Season
09/24/17,Week 3,Milwaukee Mustangs,Philadelphia Soul,97.9,100.4,Season
09/24/17,Week 3,Northern Arizona Wranglers,Los Angeles Wildcats,112.1,90.7,Season
09/24/17,Week 3,Tucson Sugar Skulls,Cleveland Gladiators,127.9,100.2,Season
09/24/17,Week 3,Miami Inferno,Cedar Rapids Titans,131.2,111.7,Season
09/24/17,Week 3,Chicago Slaughter,Brooklyn Bolts,110.4,151.6,Season
09/24/17,Week 3,Boston Brawlers,Vegas Knight Hawks,134.7,119.1,Season
10/01/17,Week 4,Philadelphia Soul,Boston Brawlers,105.6,122.1,Season
10/01/17,Week 4,Tucson Sugar Skulls,Los Angeles Wildcats,116.7,119,Season
10/01/17,Week 4,Milwaukee Mustangs,Cedar Rapids Titans,89.2,95.1,Season
10/01/17,Week 4,Cleveland Gladiators,Chicago Slaughter,119.4,146.4,Season
10/01/17,Week 4,Brooklyn Bolts,Vegas Knight Hawks,113.6,121.4,Season
10/01/17,Week 4,Miami Inferno,Northern Arizona Wranglers,144.6,74.3,Season
10/08/17,Week 5,Northern Arizona Wranglers,Tucson Sugar Skulls,117.4,97.2,Season
10/08/17,Week 5,Cleveland Gladiators,Boston Brawlers,151.3,127.8,Season
10/08/17,Week 5,Los Angeles Wildcats,Milwaukee Mustangs,114.6,105.9,Season
10/08/17,Week 5,Brooklyn Bolts,Cedar Rapids Titans,117.6,117.7,Season
10/08/17,Week 5,Chicago Slaughter,Miami Inferno,105.2,88.8,Season
10/08/17,Week 5,Philadelphia Soul,Vegas Knight Hawks,150.3,107.7,Season
10/15/17,Week 6,Chicago Slaughter,Philadelphia Soul,102,123.5,Season
10/15/17,Week 6,Miami Inferno,Los Angeles Wildcats,105,97.2,Season
10/15/17,Week 6,Tucson Sugar Skulls,Cedar Rapids Titans,136.7,87.7,Season
10/15/17,Week 6,Cleveland Gladiators,Brooklyn Bolts,142.5,122.2,Season
10/15/17,Week 6,Milwaukee Mustangs,Vegas Knight Hawks,123.7,116.9,Season
10/15/17,Week 6,Boston Brawlers,Northern Arizona Wranglers,118.9,97.5,Season
10/22/17,Week 7,Boston Brawlers,Tucson Sugar Skulls,97,132.3,Season
10/22/17,Week 7,Los Angeles Wildcats,Philadelphia Soul,78.9,110.1,Season
10/22/17,Week 7,Cedar Rapids Titans,Cleveland Gladiators,94.6,153,Season
10/22/17,Week 7,Chicago Slaughter,Milwaukee Mustangs,71.4,113.1,Season
10/22/17,Week 7,Vegas Knight Hawks,Miami Inferno,93.3,171.1,Season
10/22/17,Week 7,Northern Arizona Wranglers,Brooklyn Bolts,99.8,117,Season
10/29/17,Week 8,Chicago Slaughter,Tucson Sugar Skulls,134.7,139.3,Season
10/29/17,Week 8,Cedar Rapids Titans,Boston Brawlers,107,146.5,Season
10/29/17,Week 8,Vegas Knight Hawks,Los Angeles Wildcats,93.2,96.7,Season
10/29/17,Week 8,Northern Arizona Wranglers,Cleveland Gladiators,105,143.1,Season
10/29/17,Week 8,Brooklyn Bolts,Milwaukee Mustangs,110.7,109.9,Season
10/29/17,Week 8,Philadelphia Soul,Miami Inferno,134.7,76,Season
11/05/17,Week 9,Tucson Sugar Skulls,Philadelphia Soul,118.9,96.2,Season
11/05/17,Week 9,Boston Brawlers,Los Angeles Wildcats,134.2,94.8,Season
11/05/17,Week 9,Milwaukee Mustangs,Cleveland Gladiators,100.1,123.8,Season
11/05/17,Week 9,Chicago Slaughter,Cedar Rapids Titans,103.9,116.6,Season
11/05/17,Week 9,Brooklyn Bolts,Miami Inferno,117.1,124.6,Season
11/05/17,Week 9,Northern Arizona Wranglers,Vegas Knight Hawks,92,95.2,Season
11/12/17,Week 10,Cleveland Gladiators,Philadelphia Soul,126.1,94.4,Season
11/12/17,Week 10,Los Angeles Wildcats,Chicago Slaughter,75.2,108.7,Season
11/12/17,Week 10,Tucson Sugar Skulls,Miami Inferno,151.9,133.9,Season
11/12/17,Week 10,Boston Brawlers,Brooklyn Bolts,92.1,115.3,Season
11/12/17,Week 10,Cedar Rapids Titans,Vegas Knight Hawks,111.6,122.8,Season
11/12/17,Week 10,Milwaukee Mustangs,Northern Arizona Wranglers,123.2,126.6,Season
11/19/17,Week 11,Brooklyn Bolts,Tucson Sugar Skulls,103.5,135,Season
11/19/17,Week 11,Cleveland Gladiators,Miami Inferno,143.8,93.5,Season
11/19/17,Week 11,Boston Brawlers,Milwaukee Mustangs,112.4,104.6,Season
11/19/17,Week 11,Los Angeles Wildcats,Cedar Rapids Titans,93.4,126.3,Season
11/19/17,Week 11,Vegas Knight Hawks,Chicago Slaughter,135,151,Season
11/19/17,Week 11,Philadelphia Soul,Northern Arizona Wranglers,144.9,132.3,Season
11/26/17,Week 12,Tucson Sugar Skulls,Boston Brawlers,88.4,95.6,Season
11/26/17,Week 12,Philadelphia Soul,Los Angeles Wildcats,111.2,117.2,Season
11/26/17,Week 12,Cleveland Gladiators,Cedar Rapids Titans,148.5,112.1,Season
11/26/17,Week 12,Milwaukee Mustangs,Chicago Slaughter,127.4,131.1,Season
11/26/17,Week 12,Miami Inferno,Vegas Knight Hawks,90.1,103.7,Season
11/26/17,Week 12,Brooklyn Bolts,Northern Arizona Wranglers,116.8,147.2,Season
12/03/17,Week 13,Los Angeles Wildcats,Tucson Sugar Skulls,110.4,150.8,Season
12/03/17,Week 13,Boston Brawlers,Philadelphia Soul,116.2,117.3,Season
12/03/17,Week 13,Chicago Slaughter,Cleveland Gladiators,96.3,144.3,Season
12/03/17,Week 13,Cedar Rapids Titans,Milwaukee Mustangs,78.2,131.9,Season
12/03/17,Week 13,Northern Arizona Wranglers,Miami Inferno,97.5,133.7,Season
12/03/17,Week 13,Vegas Knight Hawks,Brooklyn Bolts,91.9,124.1,Season
12/10/17,Playoff Week 1,Boston Brawlers,Philadelphia Soul,123.7,138.9,Playoffs
12/10/17,Playoff Week 1,Brooklyn Bolts,Miami Inferno,121.7,140.9,Playoffs
12/17/17,Playoff Week 2,Philadelphia Soul,Cleveland Gladiators,137.6,104.8,Playoffs
12/17/17,Playoff Week 2,Miami Inferno,Tucson Sugar Skulls,180.1,90.9,Playoffs
12/17/17,Playoff Week 3,Philadelphia Soul,Miami Inferno,94.5,148.5,Playoffs
09/09/18,Week 1,Chicago Slaughter,Milwaukee Mustangs,160.8,181.1,Season
09/09/18,Week 1,Philadelphia Soul,Miami Inferno,153.2,155.7,Season
09/09/18,Week 1,Tucson Sugar Skulls,Cleveland Gladiators,131.8,133.4,Season
09/09/18,Week 1,Los Angeles Wildcats,Northern Arizona Wranglers,175.7,134,Season
09/09/18,Week 1,Cedar Rapids Titans,Vegas Knight Hawks,172.5,170.2,Season
09/16/18,Week 2,Cleveland Gladiators,Chicago Slaughter,99.3,179.1,Season
09/16/18,Week 2,Miami Inferno,Milwaukee Mustangs,173.8,186.6,Season
09/16/18,Week 2,Cedar Rapids Titans,Tucson Sugar Skulls,171,160.6,Season
09/16/18,Week 2,Vegas Knight Hawks,Los Angeles Wildcats,198.2,143.4,Season
09/16/18,Week 2,Northern Arizona Wranglers,Philadelphia Soul,139.8,172.1,Season
09/23/18,Week 3,Northern Arizona Wranglers,Cedar Rapids Titans,160.9,150.8,Season
09/23/18,Week 3,Cleveland Gladiators,Miami Inferno,135.1,147.5,Season
09/23/18,Week 3,Milwaukee Mustangs,Philadelphia Soul,190.3,102.9,Season
09/23/18,Week 3,Los Angeles Wildcats,Chicago Slaughter,150.2,142,Season
09/23/18,Week 3,Tucson Sugar Skulls,Vegas Knight Hawks,182.9,159.9,Season
09/30/18,Week 4,Tucson Sugar Skulls,Northern Arizona Wranglers,226.5,159.5,Season
09/30/18,Week 4,Chicago Slaughter,Philadelphia Soul,168,164.6,Season
09/30/18,Week 4,Miami Inferno,Vegas Knight Hawks,147.5,176.2,Season
09/30/18,Week 4,Milwaukee Mustangs,Cleveland Gladiators,169,146.1,Season
09/30/18,Week 4,Cedar Rapids Titans,Los Angeles Wildcats,151.1,144.1,Season
10/07/18,Week 5,Milwaukee Mustangs,Cedar Rapids Titans,155.1,181.6,Season
10/07/18,Week 5,Chicago Slaughter,Miami Inferno,177.7,120.4,Season
10/07/18,Week 5,Vegas Knight Hawks,Northern Arizona Wranglers,217.1,132.7,Season
10/07/18,Week 5,Philadelphia Soul,Cleveland Gladiators,140.5,147.2,Season
10/07/18,Week 5,Los Angeles Wildcats,Tucson Sugar Skulls,144.7,149.9,Season
10/14/18,Week 6,Los Angeles Wildcats,Vegas Knight Hawks,124.9,164,Season
10/14/18,Week 6,Milwaukee Mustangs,Chicago Slaughter,162.7,191.4,Season
10/14/18,Week 6,Miami Inferno,Cleveland Gladiators,133.4,148,Season
10/14/18,Week 6,Tucson Sugar Skulls,Philadelphia Soul,135.9,130.9,Season
10/14/18,Week 6,Cedar Rapids Titans,Northern Arizona Wranglers,205.8,136.3,Season
10/21/18,Week 7,Los Angeles Wildcats,Cedar Rapids Titans,161.1,117.7,Season
10/21/18,Week 7,Milwaukee Mustangs,Miami Inferno,162.5,149.5,Season
10/21/18,Week 7,Philadelphia Soul,Vegas Knight Hawks,129,166.5,Season
10/21/18,Week 7,Northern Arizona Wranglers,Tucson Sugar Skulls,204.8,136.8,Season
10/21/18,Week 7,Chicago Slaughter,Cleveland Gladiators,160.8,138.3,Season
10/28/18,Week 8,Los Angeles Wildcats,Miami Inferno,161.7,141.3,Season
10/28/18,Week 8,Philadelphia Soul,Northern Arizona Wranglers,145.9,144.7,Season
10/28/18,Week 8,Vegas Knight Hawks,Chicago Slaughter,155.4,212.1,Season
10/28/18,Week 8,Cleveland Gladiators,Tucson Sugar Skulls,105.4,147,Season
10/28/18,Week 8,Cedar Rapids Titans,Milwaukee Mustangs,178,143.8,Season
11/04/18,Week 9,Vegas Knight Hawks,Cedar Rapids Titans,130,108.6,Season
11/04/18,Week 9,Northern Arizona Wranglers,Chicago Slaughter,106.7,186.2,Season
11/04/18,Week 9,Miami Inferno,Philadelphia Soul,159.3,112.3,Season
11/04/18,Week 9,Cleveland Gladiators,Milwaukee Mustangs,167,167.5,Season
11/04/18,Week 9,Tucson Sugar Skulls,Los Angeles Wildcats,208.8,192.5,Season
11/11/18,Week 10,Cedar Rapids Titans,Cleveland Gladiators,181.2,151.2,Season
11/11/18,Week 10,Philadelphia Soul,Milwaukee Mustangs,109.4,201.4,Season
11/11/18,Week 10,Vegas Knight Hawks,Tucson Sugar Skulls,235.1,131.1,Season
11/11/18,Week 10,Miami Inferno,Chicago Slaughter,133.7,124.6,Season
11/11/18,Week 10,Northern Arizona Wranglers,Los Angeles Wildcats,127.3,170.3,Season
11/18/18,Week 11,Tucson Sugar Skulls,Cedar Rapids Titans,127.7,148.8,Season
11/18/18,Week 11,Milwaukee Mustangs,Los Angeles Wildcats,154.2,180,Season
11/18/18,Week 11,Chicago Slaughter,Vegas Knight Hawks,132.4,143.3,Season
11/18/18,Week 11,Cleveland Gladiators,Philadelphia Soul,120.9,127.2,Season
11/18/18,Week 11,Miami Inferno,Northern Arizona Wranglers,139.7,189.8,Season
11/25/18,Week 12,Milwaukee Mustangs,Tucson Sugar Skulls,165.5,103.7,Season
11/25/18,Week 12,Cleveland Gladiators,Los Angeles Wildcats,173,143.8,Season
11/25/18,Week 12,Northern Arizona Wranglers,Vegas Knight Hawks,179.9,168.9,Season
11/25/18,Week 12,Philadelphia Soul,Chicago Slaughter,184.1,119.3,Season
11/25/18,Week 12,Cedar Rapids Titans,Miami Inferno,150.4,143.6,Season
12/02/18,Week 13,Tucson Sugar Skulls,Miami Inferno,130.9,127.1,Season
12/02/18,Week 13,Vegas Knight Hawks,Milwaukee Mustangs,155.8,109.9,Season
12/02/18,Week 13,Cleveland Gladiators,Northern Arizona Wranglers,158.1,147.2,Season
12/02/18,Week 13,Chicago Slaughter,Cedar Rapids Titans,170.6,153.6,Season
12/02/18,Week 13,Los Angeles Wildcats,Philadelphia Soul,188.5,86.4,Season
12/09/18,Week 14,Chicago Slaughter,Tucson Sugar Skulls,155.4,168.6,Season
12/09/18,Week 14,Philadelphia Soul,Cedar Rapids Titans,97.1,127.4,Season
12/09/18,Week 14,Northern Arizona Wranglers,Milwaukee Mustangs,172.1,119.9,Season
12/09/18,Week 14,Miami Inferno,Los Angeles Wildcats,149.3,113.6,Season
12/09/18,Week 14,Vegas Knight Hawks,Cleveland Gladiators,129.4,174.8,Season
12/16/18,Playoff Week 1,Milwaukee Mustangs,Cedar Rapids Titans,116.9,127.6,Playoffs
12/16/18,Playoff Week 1,Vegas Knight Hawks,Chicago Slaughter,169.2,123,Playoffs
12/23/18,Playoff Week 2,Vegas Knight Hawks,Cedar Rapids Titans,213.2,156.2,Playoffs
09/08/19,Week 1,Milwaukee Mustangs,Vegas Knight Hawks,89.3,131.4,Season
09/08/19,Week 1,Cedar Rapids Titans,Northern Arizona Wranglers,107.7,110.7,Season
09/08/19,Week 1,Tucson Sugar Skulls,Cleveland Gladiators,92.7,152.5,Season
09/08/19,Week 1,Los Angeles Wildcats,Philadelphia Soul,149.6,129.1,Season
09/08/19,Week 1,Miami Inferno,Chicago Slaughter,141,124.8,Season
09/08/19,Week 1,Brooklyn Bolts,Boston Brawlers,143.6,132.2,Season
09/15/19,Week 2,Cedar Rapids Titans,Vegas Knight Hawks,111.6,143.6,Season
09/15/19,Week 2,Milwaukee Mustangs,Tucson Sugar Skulls,97.6,117.9,Season
09/15/19,Week 2,Northern Arizona Wranglers,Cleveland Gladiators,132.2,98.5,Season
09/15/19,Week 2,Miami Inferno,Philadelphia Soul,114.9,114,Season
09/15/19,Week 2,Los Angeles Wildcats,Brooklyn Bolts,79.1,119.6,Season
09/15/19,Week 2,Chicago Slaughter,Boston Brawlers,113.8,126.1,Season
09/22/19,Week 3,Cedar Rapids Titans,Milwaukee Mustangs,143.2,122.1,Season
09/22/19,Week 3,Vegas Knight Hawks,Cleveland Gladiators,137,115.9,Season
09/22/19,Week 3,Northern Arizona Wranglers,Tucson Sugar Skulls,123.7,103.7,Season
09/22/19,Week 3,Miami Inferno,Los Angeles Wildcats,138.9,184.5,Season
09/22/19,Week 3,Philadelphia Soul,Boston Brawlers,114,125.4,Season
09/22/19,Week 3,Chicago Slaughter,Brooklyn Bolts,156.8,140.9,Season
09/29/19,Week 4,Vegas Knight Hawks,Milwaukee Mustangs,148.5,120.4,Season
09/29/19,Week 4,Cedar Rapids Titans,Cleveland Gladiators,116,92.2,Season
09/29/19,Week 4,Tucson Sugar Skulls,Northern Arizona Wranglers,113.6,145.7,Season
09/29/19,Week 4,Philadelphia Soul,Los Angeles Wildcats,95.4,113.2,Season
09/29/19,Week 4,Miami Inferno,Boston Brawlers,150.8,92,Season
09/29/19,Week 4,Brooklyn Bolts,Chicago Slaughter,122.7,129.3,Season
10/06/19,Week 5,Vegas Knight Hawks,Cedar Rapids Titans,154.8,93.7,Season
10/06/19,Week 5,Milwaukee Mustangs,Northern Arizona Wranglers,132.6,109,Season
10/06/19,Week 5,Cleveland Gladiators,Tucson Sugar Skulls,144.9,117.8,Season
10/06/19,Week 5,Philadelphia Soul,Miami Inferno,117.4,159.1,Season
10/06/19,Week 5,Los Angeles Wildcats,Chicago Slaughter,122.2,95.6,Season
10/06/19,Week 5,Boston Brawlers,Brooklyn Bolts,134.6,181.9,Season
10/13/19,Week 6,Milwaukee Mustangs,Cedar Rapids Titans,108.1,137.2,Season
10/13/19,Week 6,Vegas Knight Hawks,Tucson Sugar Skulls,190.7,128,Season
10/13/19,Week 6,Cleveland Gladiators,Northern Arizona Wranglers,102.7,108.9,Season
10/13/19,Week 6,Los Angeles Wildcats,Miami Inferno,94.8,130.5,Season
10/13/19,Week 6,Philadelphia Soul,Brooklyn Bolts,123.4,108,Season
10/13/19,Week 6,Boston Brawlers,Chicago Slaughter,86.8,103.1,Season
10/20/19,Week 7,Vegas Knight Hawks,Northern Arizona Wranglers,133.6,108.5,Season
10/20/19,Week 7,Cedar Rapids Titans,Tucson Sugar Skulls,63.5,97,Season
10/20/19,Week 7,Milwaukee Mustangs,Cleveland Gladiators,95.9,120.8,Season
10/20/19,Week 7,Philadelphia Soul,Chicago Slaughter,140.1,86,Season
10/20/19,Week 7,Miami Inferno,Brooklyn Bolts,117.3,143.6,Season
10/20/19,Week 7,Los Angeles Wildcats,Boston Brawlers,90.5,119.5,Season
10/27/19,Week 8,Cedar Rapids Titans,Miami Inferno,104.1,133.2,Season
10/27/19,Week 8,Milwaukee Mustangs,Los Angeles Wildcats,92.2,101.9,Season
10/27/19,Week 8,Vegas Knight Hawks,Philadelphia Soul,152.9,163.1,Season
10/27/19,Week 8,Northern Arizona Wranglers,Chicago Slaughter,82.6,161.9,Season
10/27/19,Week 8,Tucson Sugar Skulls,Brooklyn Bolts,160.8,103,Season
10/27/19,Week 8,Cleveland Gladiators,Boston Brawlers,166.2,108.4,Season
11/03/19,Week 9,Miami Inferno,Milwaukee Mustangs,109.8,106.7,Season
11/03/19,Week 9,Los Angeles Wildcats,Vegas Knight Hawks,102.4,142.6,Season
11/03/19,Week 9,Philadelphia Soul,Cedar Rapids Titans,120.8,111.4,Season
11/03/19,Week 9,Chicago Slaughter,Tucson Sugar Skulls,148.9,121.2,Season
11/03/19,Week 9,Brooklyn Bolts,Cleveland Gladiators,155.6,106.8,Season
11/03/19,Week 9,Boston Brawlers,Northern Arizona Wranglers,147.3,139.3,Season
11/10/19,Week 10,Vegas Knight Hawks,Miami Inferno,109.7,120.3,Season
11/10/19,Week 10,Cedar Rapids Titans,Los Angeles Wildcats,95.8,138.4,Season
11/10/19,Week 10,Milwaukee Mustangs,Philadelphia Soul,143.6,128,Season
11/10/19,Week 10,Cleveland Gladiators,Chicago Slaughter,128.5,144.2,Season
11/10/19,Week 10,Northern Arizona Wranglers,Brooklyn Bolts,117.1,114.5,Season
11/10/19,Week 10,Tucson Sugar Skulls,Boston Brawlers,126.5,147.2,Season
11/17/19,Week 11,Cedar Rapids Titans,Chicago Slaughter,78.9,104.1,Season
11/17/19,Week 11,Milwaukee Mustangs,Brooklyn Bolts,127,135.4,Season
11/17/19,Week 11,Vegas Knight Hawks,Boston Brawlers,100,128.6,Season
11/17/19,Week 11,Northern Arizona Wranglers,Miami Inferno,104.1,126.3,Season
11/17/19,Week 11,Tucson Sugar Skulls,Los Angeles Wildcats,92.8,130.6,Season
11/17/19,Week 11,Cleveland Gladiators,Philadelphia Soul,134.9,128.6,Season
11/24/19,Week 12,Chicago Slaughter,Milwaukee Mustangs,105.4,95.4,Season
11/24/19,Week 12,Brooklyn Bolts,Vegas Knight Hawks,161.3,95.1,Season
11/24/19,Week 12,Boston Brawlers,Cedar Rapids Titans,112.5,117.5,Season
11/24/19,Week 12,Miami Inferno,Tucson Sugar Skulls,143,61.6,Season
11/24/19,Week 12,Los Angeles Wildcats,Cleveland Gladiators,159,123.2,Season
11/24/19,Week 12,Philadelphia Soul,Northern Arizona Wranglers,159.4,80,Season
12/01/19,Week 13,Vegas Knight Hawks,Chicago Slaughter,94.9,127.8,Season
12/01/19,Week 13,Cedar Rapids Titans,Brooklyn Bolts,122,95.9,Season
12/01/19,Week 13,Milwaukee Mustangs,Boston Brawlers,125.8,137,Season
12/01/19,Week 13,Cleveland Gladiators,Miami Inferno,112.3,101.6,Season
12/01/19,Week 13,Northern Arizona Wranglers,Los Angeles Wildcats,93.8,108.3,Season
12/01/19,Week 13,Tucson Sugar Skulls,Philadelphia Soul,114.5,92.8,Season
12/08/19,Playoff Week 1,Boston Brawlers,Vegas Knight Hawks,116.4,106.3,Playoffs
12/08/19,Playoff Week 1,Brooklyn Bolts,Los Angeles Wildcats,159.7,91.4,Playoffs
12/15/19,Playoff Week 2,Miami Inferno,Boston Brawlers,116,115,Playoffs
12/15/19,Playoff Week 2,Chicago Slaughter,Brooklyn Bolts,107.7,128.9,Playoffs
12/22/19,Playoff Week 3,Brooklyn Bolts,Miami Inferno,111.9,129.1,Playoffs
09/12/21,Week 1,Philadelphia Soul,Vegas Knight Hawks,176.85,133.2,Season
09/12/21,Week 1,Boston Brawlers,Miami Inferno,144.2,145.9,Season
09/12/21,Week 1,Tucson Sugar Skulls,Brooklyn Bolts,147.35,154.95,Season
09/12/21,Week 1,Milwaukee Mustangs,Cleveland Gladiators,159.05,161.95,Season
09/12/21,Week 1,Northern Arizona Wranglers,Cedar Rapids Titans,163.85,139.2,Season
09/12/21,Week 1,Chicago Slaughter,Los Angeles Wildcats,147.85,156.3,Season
09/19/21,Week 2,Miami Inferno,Los Angeles Wildcats,171.35,168.2,Season
09/19/21,Week 2,Tucson Sugar Skulls,Milwaukee Mustangs,136.7,119,Season
09/19/21,Week 2,Cedar Rapids Titans,Vegas Knight Hawks,113.05,164.7,Season
09/19/21,Week 2,Cleveland Gladiators,Brooklyn Bolts,183.5,159.25,Season
09/19/21,Week 2,Philadelphia Soul,Northern Arizona Wranglers,150.65,140.65,Season
09/19/21,Week 2,Chicago Slaughter,Boston Brawlers,77.15,135.65,Season
09/26/21,Week 3,Philadelphia Soul,Cedar Rapids Titans,134.85,155,Season
09/26/21,Week 3,Vegas Knight Hawks,Northern Arizona Wranglers,145.9,135.5,Season
09/26/21,Week 3,Cleveland Gladiators,Tucson Sugar Skulls,152.8,112,Season
09/26/21,Week 3,Chicago Slaughter,Miami Inferno,117.7,156.6,Season
09/26/21,Week 3,Brooklyn Bolts,Milwaukee Mustangs,131.95,142.55,Season
09/26/21,Week 3,Los Angeles Wildcats,Boston Brawlers,128.75,158.3,Season
10/03/21,Week 4,Vegas Knight Hawks,Chicago Slaughter,151.55,134.7,Season
10/03/21,Week 4,Miami Inferno,Brooklyn Bolts,101.65,142.2,Season
10/03/21,Week 4,Tucson Sugar Skulls,Cedar Rapids Titans,134.35,115.8,Season
10/03/21,Week 4,Northern Arizona Wranglers,Cleveland Gladiators,135.6,171.55,Season
10/03/21,Week 4,Boston Brawlers,Milwaukee Mustangs,119.8,128.6,Season
10/03/21,Week 4,Philadelphia Soul,Los Angeles Wildcats,137.3,156.9,Season
10/10/21,Week 5,Chicago Slaughter,Northern Arizona Wranglers,146.2,130,Season
10/10/21,Week 5,Milwaukee Mustangs,Philadelphia Soul,147.55,189.9,Season
10/10/21,Week 5,Brooklyn Bolts,Cedar Rapids Titans,146.8,107.4,Season
10/10/21,Week 5,Vegas Knight Hawks,Miami Inferno,153.85,170.4,Season
10/10/21,Week 5,Cleveland Gladiators,Boston Brawlers,126.95,144.15,Season
10/10/21,Week 5,Tucson Sugar Skulls,Los Angeles Wildcats,176.85,202.4,Season
10/17/21,Week 6,Milwaukee Mustangs,Miami Inferno,138.95,114.45,Season
10/17/21,Week 6,Northern Arizona Wranglers,Boston Brawlers,167.75,139.65,Season
10/17/21,Week 6,Brooklyn Bolts,Chicago Slaughter,168.1,137.55,Season
10/17/21,Week 6,Cedar Rapids Titans,Los Angeles Wildcats,132.1,132.75,Season
10/17/21,Week 6,Tucson Sugar Skulls,Vegas Knight Hawks,151.35,130.45,Season
10/17/21,Week 6,Cleveland Gladiators,Philadelphia Soul,147.15,146.35,Season
10/24/21,Week 7,Vegas Knight Hawks,Los Angeles Wildcats,153.4,134.85,Season
10/24/21,Week 7,Chicago Slaughter,Milwaukee Mustangs,123.95,161.5,Season
10/24/21,Week 7,Brooklyn Bolts,Northern Arizona Wranglers,120,110.2,Season
10/24/21,Week 7,Cleveland Gladiators,Cedar Rapids Titans,171.55,103.05,Season
10/24/21,Week 7,Boston Brawlers,Tucson Sugar Skulls,117.7,128.45,Season
10/24/21,Week 7,Miami Inferno,Philadelphia Soul,149.4,162,Season
10/31/21,Week 8,Northern Arizona Wranglers,Milwaukee Mustangs,125.55,152.55,Season
10/31/21,Week 8,Cleveland Gladiators,Vegas Knight Hawks,103.5,148.65,Season
10/31/21,Week 8,Cedar Rapids Titans,Boston Brawlers,152.8,112.25,Season
10/31/21,Week 8,Miami Inferno,Tucson Sugar Skulls,104.35,141.85,Season
10/31/21,Week 8,Philadelphia Soul,Chicago Slaughter,84.4,149.15,Season
10/31/21,Week 8,Los Angeles Wildcats,Brooklyn Bolts,110.35,143.7,Season
11/07/21,Week 9,Miami Inferno,Cleveland Gladiators,105.9,99.95,Season
11/07/21,Week 9,Tucson Sugar Skulls,Northern Arizona Wranglers,89.95,105.9,Season
11/07/21,Week 9,Brooklyn Bolts,Philadelphia Soul,124.15,140.9,Season
11/07/21,Week 9,Boston Brawlers,Vegas Knight Hawks,75.6,106.1,Season
11/07/21,Week 9,Los Angeles Wildcats,Milwaukee Mustangs,155.8,137.6,Season
11/07/21,Week 9,Cedar Rapids Titans,Chicago Slaughter,135.3,128.7,Season
11/14/21,Week 10,Philadelphia Soul,Tucson Sugar Skulls,112.5,125.3,Season
11/14/21,Week 10,Los Angeles Wildcats,Northern Arizona Wranglers,135.15,117.7,Season
11/14/21,Week 10,Chicago Slaughter,Cleveland Gladiators,130.2,136.7,Season
11/14/21,Week 10,Milwaukee Mustangs,Vegas Knight Hawks,132.85,99.3,Season
11/14/21,Week 10,Cedar Rapids Titans,Miami Inferno,99.2,107.55,Season
11/14/21,Week 10,Boston Brawlers,Brooklyn Bolts,79.3,119,Season
11/21/21,Week 11,Chicago Slaughter,Tucson Sugar Skulls,109.3,131.15,Season
11/21/21,Week 11,Los Angeles Wildcats,Cleveland Gladiators,240.5,120.35,Season
11/21/21,Week 11,Vegas Knight Hawks,Brooklyn Bolts,150.45,158.95,Season
11/21/21,Week 11,Milwaukee Mustangs,Cedar Rapids Titans,101.8,97.05,Season
11/21/21,Week 11,Philadelphia Soul,Boston Brawlers,137.45,139.65,Season
11/21/21,Week 11,Northern Arizona Wranglers,Miami Inferno,136.6,135.95,Season
11/28/21,Week 12,Los Angeles Wildcats,Chicago Slaughter,144.95,124.95,Season
11/28/21,Week 12,Vegas Knight Hawks,Philadelphia Soul,109.75,132.05,Season
11/28/21,Week 12,Brooklyn Bolts,Tucson Sugar Skulls,175.95,104.3,Season
11/28/21,Week 12,Cedar Rapids Titans,Northern Arizona Wranglers,144.65,171.8,Season
11/28/21,Week 12,Miami Inferno,Boston Brawlers,129.85,125.6,Season
11/28/21,Week 12,Cleveland Gladiators,Milwaukee Mustangs,67.55,135.5,Season
12/05/21,Week 13,Brooklyn Bolts,Cleveland Gladiators,117.2,160.15,Season
12/05/21,Week 13,Los Angeles Wildcats,Miami Inferno,178.75,112.3,Season
12/05/21,Week 13,Boston Brawlers,Chicago Slaughter,132.75,124,Season
12/05/21,Week 13,Northern Arizona Wranglers,Philadelphia Soul,117.2,148.15,Season
12/05/21,Week 13,Milwaukee Mustangs,Tucson Sugar Skulls,185.75,128.6,Season
12/05/21,Week 13,Vegas Knight Hawks,Cedar Rapids Titans,128.2,63.55,Season
12/12/21,Week 14,Boston Brawlers,Chicago Slaughter,164.7,125.45,Season
12/12/21,Week 14,Miami Inferno,Los Angeles Wildcats,103.7,156.55,Season
12/12/21,Week 14,Philadelphia Soul,Vegas Knight Hawks,136.65,128,Season
12/12/21,Week 14,Milwaukee Mustangs,Brooklyn Bolts,142.15,150.45,Season
12/12/21,Week 14,Cedar Rapids Titans,Northern Arizona Wranglers,164.5,125.3,Season
12/12/21,Week 14,Tucson Sugar Skulls,Cleveland Gladiators,156.85,188.35,Season
12/19/21,Playoff Week 1,Cleveland Gladiators,Milwaukee Mustangs,89.85,127.5,Playoffs
12/19/21,Playoff Week 1,Tucson Sugar Skulls,Philadelphia Soul,109.6,189,Playoffs
12/19/21,Playoff Week 1,Miami Inferno,Los Angeles Wildcats,54,185,Playoffs
12/26/21,Playoff Week 2,Milwaukee Mustangs,Brooklyn Bolts,132.05,140.1,Playoffs
12/26/21,Playoff Week 2,Philadelphia Soul,Los Angeles Wildcats,142.05,144.3,Playoffs
12/31/21,Playoff Week 3,Los Angeles Wildcats,Brooklyn Bolts,117.85,148.2,Playoffs
09/11/22,Week 1,Philadelphia Soul,Vegas Knight Hawks,113.6,169.05,Season
09/11/22,Week 1,Miami Inferno,Boston Brawlers,96.75,152.9,Season
09/11/22,Week 1,Tucson Sugar Skulls,Brooklyn Bolts,136.15,134.4,Season
09/11/22,Week 1,Milwaukee Mustangs,Cleveland Gladiators,95,120.9,Season
09/11/22,Week 1,Northern Arizona Wranglers,Cedar Rapids Titans,104.6,170.85,Season
09/11/22,Week 1,Chicago Slaughter,Los Angeles Wildcats,73.4,153.05,Season
09/18/22,Week 2,Boston Brawlers,Los Angeles Wildcats,110.25,138.45,Season
09/18/22,Week 2,Tucson Sugar Skulls,Milwaukee Mustangs,178.85,123.7,Season
09/18/22,Week 2,Cedar Rapids Titans,Vegas Knight Hawks,132.5,142.65,Season
09/18/22,Week 2,Cleveland Gladiators,Brooklyn Bolts,115.4,97.15,Season
09/18/22,Week 2,Philadelphia Soul,Northern Arizona Wranglers,122.5,91.55,Season
09/18/22,Week 2,Chicago Slaughter,Miami Inferno,142.15,162,Season
09/25/22,Week 3,Philadelphia Soul,Cedar Rapids Titans,115.85,118.95,Season
09/25/22,Week 3,Vegas Knight Hawks,Northern Arizona Wranglers,138.3,111.05,Season
09/25/22,Week 3,Cleveland Gladiators,Tucson Sugar Skulls,127.2,97.4,Season
09/25/22,Week 3,Chicago Slaughter,Boston Brawlers,131.45,93.8,Season
09/25/22,Week 3,Brooklyn Bolts,Milwaukee Mustangs,92,105.95,Season
09/25/22,Week 3,Los Angeles Wildcats,Miami Inferno,140.1,139.6,Season
10/02/22,Week 4,Vegas Knight Hawks,Chicago Slaughter,103.3,119.7,Season
10/02/22,Week 4,Boston Brawlers,Brooklyn Bolts,170.05,125.85,Season
10/02/22,Week 4,Tucson Sugar Skulls,Cedar Rapids Titans,147.25,164.2,Season
10/02/22,Week 4,Northern Arizona Wranglers,Cleveland Gladiators,138.75,103.5,Season
10/02/22,Week 4,Miami Inferno,Milwaukee Mustangs,141.1,68,Season
10/02/22,Week 4,Philadelphia Soul,Los Angeles Wildcats,120.95,142.6,Season
10/09/22,Week 5,Chicago Slaughter,Northern Arizona Wranglers,152.45,138.05,Season
10/09/22,Week 5,Milwaukee Mustangs,Philadelphia Soul,138,106.5,Season
10/09/22,Week 5,Brooklyn Bolts,Cedar Rapids Titans,106.25,117.3,Season
10/09/22,Week 5,Vegas Knight Hawks,Boston Brawlers,154.75,105.7,Season
10/09/22,Week 5,Cleveland Gladiators,Miami Inferno,136.05,143.25,Season
10/09/22,Week 5,Tucson Sugar Skulls,Los Angeles Wildcats,139.7,148.7,Season
10/16/22,Week 6,Milwaukee Mustangs,Boston Brawlers,117,93.3,Season
10/16/22,Week 6,Northern Arizona Wranglers,Miami Inferno,152,103.6,Season
10/16/22,Week 6,Brooklyn Bolts,Chicago Slaughter,155.55,109.15,Season
10/16/22,Week 6,Cedar Rapids Titans,Los Angeles Wildcats,95.4,125.75,Season
10/16/22,Week 6,Tucson Sugar Skulls,Vegas Knight Hawks,124.2,128.45,Season
10/16/22,Week 6,Cleveland Gladiators,Philadelphia Soul,88.55,88.5,Season
10/23/22,Week 7,Vegas Knight Hawks,Los Angeles Wildcats,102.8,113.35,Season
10/23/22,Week 7,Chicago Slaughter,Milwaukee Mustangs,115.35,114.9,Season
10/23/22,Week 7,Brooklyn Bolts,Northern Arizona Wranglers,142.05,147.15,Season
10/23/22,Week 7,Cleveland Gladiators,Cedar Rapids Titans,101.9,97.95,Season
10/23/22,Week 7,Miami Inferno,Tucson Sugar Skulls,102.3,120,Season
10/23/22,Week 7,Boston Brawlers,Philadelphia Soul,119.95,111.45,Season
10/30/22,Week 8,Northern Arizona Wranglers,Milwaukee Mustangs,120.9,103.85,Season
10/30/22,Week 8,Cleveland Gladiators,Vegas Knight Hawks,120.95,130.45,Season
10/30/22,Week 8,Cedar Rapids Titans,Miami Inferno,128.25,137.2,Season
10/30/22,Week 8,Boston Brawlers,Tucson Sugar Skulls,127.85,165.8,Season
10/30/22,Week 8,Philadelphia Soul,Chicago Slaughter,80.35,144.1,Season
10/30/22,Week 8,Los Angeles Wildcats,Brooklyn Bolts,108.1,214.8,Season
11/06/22,Week 9,Boston Brawlers,Cleveland Gladiators,137.35,138.65,Season
11/06/22,Week 9,Tucson Sugar Skulls,Northern Arizona Wranglers,119.05,102.3,Season
11/06/22,Week 9,Brooklyn Bolts,Philadelphia Soul,127.3,94.05,Season
11/06/22,Week 9,Miami Inferno,Vegas Knight Hawks,120.75,121.55,Season
11/06/22,Week 9,Los Angeles Wildcats,Milwaukee Mustangs,114.15,113.8,Season
11/06/22,Week 9,Cedar Rapids Titans,Chicago Slaughter,139.65,135.25,Season
11/13/22,Week 10,Philadelphia Soul,Tucson Sugar Skulls,101.95,114.2,Season
11/13/22,Week 10,Los Angeles Wildcats,Northern Arizona Wranglers,141.2,104,Season
11/13/22,Week 10,Chicago Slaughter,Cleveland Gladiators,130.95,133.75,Season
11/13/22,Week 10,Milwaukee Mustangs,Vegas Knight Hawks,123.55,115.15,Season
11/13/22,Week 10,Cedar Rapids Titans,Boston Brawlers,117.1,121.65,Season
11/13/22,Week 10,Miami Inferno,Brooklyn Bolts,137.9,121.75,Season
11/20/22,Week 11,Chicago Slaughter,Tucson Sugar Skulls,111.2,108.35,Season
11/20/22,Week 11,Los Angeles Wildcats,Cleveland Gladiators,123.15,122.25,Season
11/20/22,Week 11,Vegas Knight Hawks,Brooklyn Bolts,137.8,137.55,Season
11/20/22,Week 11,Milwaukee Mustangs,Cedar Rapids Titans,188.25,85.6,Season
11/20/22,Week 11,Philadelphia Soul,Miami Inferno,77.35,79.35,Season
11/20/22,Week 11,Northern Arizona Wranglers,Boston Brawlers,127.35,117.65,Season
11/27/22,Week 12,Los Angeles Wildcats,Chicago Slaughter,152.45,120.55,Season
11/27/22,Week 12,Vegas Knight Hawks,Philadelphia Soul,162.65,108.65,Season
11/27/22,Week 12,Brooklyn Bolts,Tucson Sugar Skulls,132.15,136.55,Season
11/27/22,Week 12,Cedar Rapids Titans,Northern Arizona Wranglers,133.7,114.8,Season
11/27/22,Week 12,Boston Brawlers,Miami Inferno,144.45,134.05,Season
11/27/22,Week 12,Cleveland Gladiators,Milwaukee Mustangs,100.7,144.1,Season
12/04/22,Week 13,Brooklyn Bolts,Cleveland Gladiators,130.15,112.3,Season
12/04/22,Week 13,Los Angeles Wildcats,Boston Brawlers,135.75,97.85,Season
12/04/22,Week 13,Miami Inferno,Chicago Slaughter,115.75,112.7,Season
12/04/22,Week 13,Northern Arizona Wranglers,Philadelphia Soul,175.15,115.7,Season
12/04/22,Week 13,Milwaukee Mustangs,Tucson Sugar Skulls,109.85,137.55,Season
12/04/22,Week 13,Vegas Knight Hawks,Cedar Rapids Titans,182.7,128.55,Season
12/11/22,Week 14,Miami Inferno,Los Angeles Wildcats,130.9,113.05,Season
12/11/22,Week 14,Boston Brawlers,Chicago Slaughter,138.5,124.9,Season
12/11/22,Week 14,Northern Arizona Wranglers,Vegas Knight Hawks,127.15,161.95,Season
12/11/22,Week 14,Milwaukee Mustangs,Brooklyn Bolts,120.7,125.25,Season
12/11/22,Week 14,Cedar Rapids Titans,Philadelphia Soul,119.25,67.05,Season
12/11/22,Week 14,Tucson Sugar Skulls,Cleveland Gladiators,112.45,141.4,Season
12/18/22,Playoff Week 1,Miami Inferno,Tucson Sugar Skulls,107.6,156.45,Playoffs
12/18/22,Playoff Week 1,Cedar Rapids Titans,Cleveland Gladiators,102.75,143.2,Playoffs
12/18/22,Playoff Week 1,Northern Arizona Wranglers,Vegas Knight Hawks,160.9,151.95,Playoffs
12/25/22,Playoff Week 2,Tucson Sugar Skulls,Los Angeles Wildcats,139.4,116.7,Playoffs
12/25/22,Playoff Week 2,Northern Arizona Wranglers,Cleveland Gladiators,162.15,112.35,Playoffs
12/31/22,Playoff Week 3,Northern Arizona Wranglers,Tucson Sugar Skulls,121.7,185.25,Playoffs
09/10/23,Week 1,Philadelphia Soul,Vegas Knight Hawks,134.1,74.3,Season
09/10/23,Week 1,Miami Inferno,Boston Brawlers,163.4,133.95,Season
09/10/23,Week 1,Brooklyn Bolts,Tucson Sugar Skulls,160.25,146.15,Season
09/10/23,Week 1,Milwaukee Mustangs,Cleveland Gladiators,155.7,149.7,Season
09/10/23,Week 1,Northern Arizona Wranglers,Cedar Rapids Titans,159.85,151.1,Season
09/10/23,Week 1,Chicago Slaughter,Los Angeles Wildcats,118.85,130.3,Season
09/17/23,Week 2,Boston Brawlers,Los Angeles Wildcats,98,166.1,Season
09/17/23,Week 2,Tucson Sugar Skulls,Milwaukee Mustangs,174.15,180.3,Season
09/17/23,Week 2,Cedar Rapids Titans,Vegas Knight Hawks,174.85,201.1,Season
09/17/23,Week 2,Cleveland Gladiators,Brooklyn Bolts,144.95,180.2,Season
09/17/23,Week 2,Philadelphia Soul,Northern Arizona Wranglers,187.65,187.75,Season
09/17/23,Week 2,Chicago Slaughter,Miami Inferno,170.15,132.05,Season
09/24/23,Week 3,Philadelphia Soul,Cedar Rapids Titans,159.55,182.35,Season
09/24/23,Week 3,Vegas Knight Hawks,Northern Arizona Wranglers,122.85,151.75,Season
09/24/23,Week 3,Cleveland Gladiators,Tucson Sugar Skulls,227.4,160.7,Season
09/24/23,Week 3,Chicago Slaughter,Boston Brawlers,128.85,160.8,Season
09/24/23,Week 3,Brooklyn Bolts,Milwaukee Mustangs,223.1,164.85,Season
09/24/23,Week 3,Los Angeles Wildcats,Miami Inferno,129,157.35,Season
10/01/23,Week 4,Vegas Knight Hawks,Chicago Slaughter,184.85,156.55,Season
10/01/23,Week 4,Boston Brawlers,Brooklyn Bolts,143.9,135.2,Season
10/01/23,Week 4,Tucson Sugar Skulls,Cedar Rapids Titans,218.8,121.65,Season
10/01/23,Week 4,Northern Arizona Wranglers,Cleveland Gladiators,126.15,160.85,Season
10/01/23,Week 4,Miami Inferno,Milwaukee Mustangs,166.2,165.55,Season
10/01/23,Week 4,Philadelphia Soul,Los Angeles Wildcats,119.65,181.1,Season
10/08/23,Week 5,Chicago Slaughter,Northern Arizona Wranglers,101.75,111.9,Season
10/08/23,Week 5,Milwaukee Mustangs,Philadelphia Soul,186.4,211.55,Season
10/08/23,Week 5,Brooklyn Bolts,Cedar Rapids Titans,138.5,188.4,Season
10/08/23,Week 5,Vegas Knight Hawks,Boston Brawlers,159.1,117.3,Season
10/08/23,Week 5,Cleveland Gladiators,Miami Inferno,211.35,157.55,Season
10/08/23,Week 5,Tucson Sugar Skulls,Los Angeles Wildcats,161.4,129.65,Season
10/15/23,Week 6,Milwaukee Mustangs,Boston Brawlers,176.75,156.15,Season
10/15/23,Week 6,Northern Arizona Wranglers,Miami Inferno,167.25,152.9,Season
10/15/23,Week 6,Brooklyn Bolts,Chicago Slaughter,181.2,154.9,Season
10/15/23,Week 6,Cedar Rapids Titans,Los Angeles Wildcats,92.3,170.05,Season
10/15/23,Week 6,Tucson Sugar Skulls,Vegas Knight Hawks,148.75,84.6,Season
10/15/23,Week 6,Cleveland Gladiators,Philadelphia Soul,178.6,182,Season
10/22/23,Week 7,Vegas Knight Hawks,Los Angeles Wildcats,106.25,172.95,Season
10/22/23,Week 7,Chicago Slaughter,Milwaukee Mustangs,142.5,169.4,Season
10/22/23,Week 7,Brooklyn Bolts,Northern Arizona Wranglers,126.3,97.25,Season
10/22/23,Week 7,Cleveland Gladiators,Cedar Rapids Titans,206.4,141.9,Season
10/22/23,Week 7,Miami Inferno,Tucson Sugar Skulls,191.45,202.05,Season
10/22/23,Week 7,Boston Brawlers,Philadelphia Soul,189.1,161.05,Season
10/29/23,Week 8,Northern Arizona Wranglers,Milwaukee Mustangs,166.6,199.45,Season
10/29/23,Week 8,Cleveland Gladiators,Vegas Knight Hawks,158.4,167.5,Season
10/29/23,Week 8,Cedar Rapids Titans,Miami Inferno,109.5,216.2,Season
10/29/23,Week 8,Boston Brawlers,Tucson Sugar Skulls,180.4,170.55,Season
10/29/23,Week 8,Philadelphia Soul,Chicago Slaughter,173.35,193.6,Season
10/29/23,Week 8,Los Angeles Wildcats,Brooklyn Bolts,167.3,147.6,Season
11/05/23,Week 9,Boston Brawlers,Cleveland Gladiators,116.4,128.15,Season
11/05/23,Week 9,Tucson Sugar Skulls,Northern Arizona Wranglers,154.85,153.3,Season
11/05/23,Week 9,Brooklyn Bolts,Philadelphia Soul,160.15,173.95,Season
11/05/23,Week 9,Miami Inferno,Vegas Knight Hawks,137.15,102,Season
11/05/23,Week 9,Los Angeles Wildcats,Milwaukee Mustangs,133.8,140.5,Season
11/05/23,Week 9,Cedar Rapids Titans,Chicago Slaughter,154.4,182.35,Season
11/12/23,Week 10,Philadelphia Soul,Tucson Sugar Skulls,162.9,150.85,Season
11/12/23,Week 10,Los Angeles Wildcats,Northern Arizona Wranglers,125.45,164.25,Season
11/12/23,Week 10,Chicago Slaughter,Cleveland Gladiators,167.3,104.6,Season
11/12/23,Week 10,Milwaukee Mustangs,Vegas Knight Hawks,181.25,141.9,Season
11/12/23,Week 10,Cedar Rapids Titans,Boston Brawlers,164.7,179,Season
11/12/23,Week 10,Miami Inferno,Brooklyn Bolts,146,163.75,Season
11/19/23,Week 11,Chicago Slaughter,Tucson Sugar Skulls,173.15,143.2,Season
11/19/23,Week 11,Los Angeles Wildcats,Cleveland Gladiators,142.05,131.75,Season
11/19/23,Week 11,Vegas Knight Hawks,Brooklyn Bolts,169.5,140.3,Season
11/19/23,Week 11,Milwaukee Mustangs,Cedar Rapids Titans,124.05,161.9,Season
11/19/23,Week 11,Philadelphia Soul,Miami Inferno,201.6,152.75,Season
11/19/23,Week 11,Northern Arizona Wranglers,Boston Brawlers,139.1,135.55,Season
11/26/23,Week 12,Los Angeles Wildcats,Chicago Slaughter,185.65,177.75,Season
11/26/23,Week 12,Vegas Knight Hawks,Philadelphia Soul,109.25,213.8,Season
11/26/23,Week 12,Tucson Sugar Skulls,Brooklyn Bolts,143.85,191.7,Season
11/26/23,Week 12,Cedar Rapids Titans,Northern Arizona Wranglers,192.6,189.35,Season
11/26/23,Week 12,Boston Brawlers,Miami Inferno,128.75,174.2,Season
11/26/23,Week 12,Cleveland Gladiators,Milwaukee Mustangs,186.7,167.3,Season
12/03/23,Week 13,Brooklyn Bolts,Cleveland Gladiators,196.8,180.05,Season
12/03/23,Week 13,Los Angeles Wildcats,Boston Brawlers,96.3,175.3,Season
12/03/23,Week 13,Miami Inferno,Chicago Slaughter,158.8,189.25,Season
12/03/23,Week 13,Northern Arizona Wranglers,Philadelphia Soul,156.1,139.9,Season
12/03/23,Week 13,Milwaukee Mustangs,Tucson Sugar Skulls,160,180.45,Season
12/03/23,Week 13,Vegas Knight Hawks,Cedar Rapids Titans,154.6,155.4,Season
12/10/23,Week 14,Miami Inferno,Los Angeles Wildcats,123.5,141.45,Season
12/10/23,Week 14,Boston Brawlers,Chicago Slaughter,141.7,174.25,Season
12/10/23,Week 14,Northern Arizona Wranglers,Vegas Knight Hawks,160.4,144.6,Season
12/10/23,Week 14,Milwaukee Mustangs,Brooklyn Bolts,156.6,147.6,Season
12/10/23,Week 14,Cedar Rapids Titans,Philadelphia Soul,128.75,135.75,Season
12/10/23,Week 14,Tucson Sugar Skulls,Cleveland Gladiators,167.7,178.25,Season
12/17/23,Playoff Week 1,Brooklyn Bolts,Philadelphia Soul,131.4,136.95,Playoffs
12/17/23,Playoff Week 1,Chicago Slaughter,Milwaukee Mustangs,118.2,187.25,Playoffs
12/17/23,Playoff Week 1,Cleveland Gladiators,Los Angeles Wildcats,146.8,174.55,Playoffs
12/24/23,Playoff Week 2,Philadelphia Soul,Northern Arizona Wranglers,183.05,221.6,Playoffs
12/24/23,Playoff Week 2,Los Angeles Wildcats,Milwaukee Mustangs,151.25,169.1,Playoffs
12/31/23,Playoff Week 3,Milwaukee Mustangs,Northern Arizona Wranglers,181.75,136.75,Playoffs
09/08/24,Week 1,Philadelphia Soul,Northern Arizona Wranglers,176.6,183.4,Season
09/08/24,Week 1,Cedar Rapids Titans,Vegas Knight Hawks,147.6,179.6,Season
09/08/24,Week 1,Boston Brawlers,Chicago Slaughter,158,174.55,Season
09/08/24,Week 1,Cleveland Gladiators,Milwaukee Mustangs,147.65,171.6,Season
09/08/24,Week 1,Miami Inferno,Los Angeles Wildcats,177.4,203.1,Season
09/08/24,Week 1,Tucson Sugar Skulls,Brooklyn Bolts,170.85,131.25,Season
09/15/24,Week 2,Milwaukee Mustangs,Tucson Sugar Skulls,113.5,166.85,Season
09/15/24,Week 2,Brooklyn Bolts,Cleveland Gladiators,176.45,157.3,Season
09/15/24,Week 2,Philadelphia Soul,Cedar Rapids Titans,151.45,135.6,Season
09/15/24,Week 2,Northern Arizona Wranglers,Vegas Knight Hawks,145.9,188.45,Season
09/15/24,Week 2,Boston Brawlers,Los Angeles Wildcats,198.7,192.75,Season
09/15/24,Week 2,Chicago Slaughter,Miami Inferno,188.05,201.3,Season
09/22/24,Week 3,Milwaukee Mustangs,Brooklyn Bolts,124.8,182.65,Season
09/22/24,Week 3,Tucson Sugar Skulls,Cleveland Gladiators,169.65,227.2,Season
09/22/24,Week 3,Philadelphia Soul,Vegas Knight Hawks,169.75,116.55,Season
09/22/24,Week 3,Northern Arizona Wranglers,Cedar Rapids Titans,195.7,173.1,Season
09/22/24,Week 3,Boston Brawlers,Miami Inferno,147.35,129.9,Season
09/22/24,Week 3,Chicago Slaughter,Los Angeles Wildcats,185.2,217.85,Season
09/29/24,Week 4,Tucson Sugar Skulls,Vegas Knight Hawks,146.35,202.05,Season
09/29/24,Week 4,Milwaukee Mustangs,Cedar Rapids Titans,219.55,166.65,Season
09/29/24,Week 4,Cleveland Gladiators,Chicago Slaughter,164.8,173.4,Season
09/29/24,Week 4,Brooklyn Bolts,Northern Arizona Wranglers,156,172,Season
09/29/24,Week 4,Philadelphia Soul,Los Angeles Wildcats,166.3,177.05,Season
09/29/24,Week 4,Boston Brawlers,Miami Inferno,220.05,137,Season
10/06/24,Week 5,Northern Arizona Wranglers,Cleveland Gladiators,158.25,225.9,Season
10/06/24,Week 5,Cedar Rapids Titans,Philadelphia Soul,134.7,201,Season
10/06/24,Week 5,Vegas Knight Hawks,Brooklyn Bolts,186.15,151.2,Season
10/06/24,Week 5,Boston Brawlers,Tucson Sugar Skulls,143.05,160.25,Season
10/06/24,Week 5,Chicago Slaughter,Los Angeles Wildcats,182.5,174.85,Season
10/06/24,Week 5,Miami Inferno,Milwaukee Mustangs,195.8,207.7,Season
10/13/24,Week 6,Tucson Sugar Skulls,Cleveland Gladiators,159.05,133.9,Season
10/13/24,Week 6,Milwaukee Mustangs,Philadelphia Soul,193.6,150.6,Season
10/13/24,Week 6,Brooklyn Bolts,Miami Inferno,132.4,188.2,Season
10/13/24,Week 6,Northern Arizona Wranglers,Cedar Rapids Titans,145,170.65,Season
10/13/24,Week 6,Vegas Knight Hawks,Chicago Slaughter,169.65,196.15,Season
10/13/24,Week 6,Boston Brawlers,Los Angeles Wildcats,130.75,203.3,Season
10/20/24,Week 7,Tucson Sugar Skulls,Chicago Slaughter,179.85,199.25,Season
10/20/24,Week 7,Milwaukee Mustangs,Brooklyn Bolts,139.65,150.9,Season
10/20/24,Week 7,Cleveland Gladiators,Boston Brawlers,156.45,162,Season
10/20/24,Week 7,Philadelphia Soul,Vegas Knight Hawks,188.6,138.65,Season
10/20/24,Week 7,Northern Arizona Wranglers,Miami Inferno,153.15,154.75,Season
10/20/24,Week 7,Cedar Rapids Titans,Los Angeles Wildcats,88.7,164.65,Season
10/27/24,Week 8,Tucson Sugar Skulls,Brooklyn Bolts,156.85,163.75,Season
10/27/24,Week 8,Milwaukee Mustangs,Chicago Slaughter,193.3,162.35,Season
10/27/24,Week 8,Cleveland Gladiators,Miami Inferno,184.6,164.6,Season
10/27/24,Week 8,Philadelphia Soul,Northern Arizona Wranglers,180.3,187.45,Season
10/27/24,Week 8,Cedar Rapids Titans,Boston Brawlers,216.5,173.7,Season
10/27/24,Week 8,Vegas Knight Hawks,Los Angeles Wildcats,165.4,173.15,Season
11/03/24,Week 9,Tucson Sugar Skulls,Miami Inferno,214.45,158.85,Season
11/03/24,Week 9,Milwaukee Mustangs,Boston Brawlers,197.25,181.95,Season
11/03/24,Week 9,Cleveland Gladiators,Los Angeles Wildcats,170.35,181.35,Season
11/03/24,Week 9,Brooklyn Bolts,Cedar Rapids Titans,177.8,147.65,Season
11/03/24,Week 9,Philadelphia Soul,Chicago Slaughter,184.4,217.6,Season
11/03/24,Week 9,Northern Arizona Wranglers,Vegas Knight Hawks,141.1,150.9,Season
11/10/24,Week 10,Tucson Sugar Skulls,Northern Arizona Wranglers,155.4,129.95,Season
11/10/24,Week 10,Milwaukee Mustangs,Cleveland Gladiators,195.9,168.8,Season
11/10/24,Week 10,Brooklyn Bolts,Los Angeles Wildcats,166.75,162.1,Season
11/10/24,Week 10,Philadelphia Soul,Boston Brawlers,164.2,170.2,Season
11/10/24,Week 10,Cedar Rapids Titans,Chicago Slaughter,142.1,192.1,Season
11/10/24,Week 10,Vegas Knight Hawks,Miami Inferno,176.7,172.9,Season
11/17/24,Week 11,Tucson Sugar Skulls,Milwaukee Mustangs,248.5,188.8,Season
11/17/24,Week 11,Cleveland Gladiators,Cedar Rapids Titans,212.75,151.35,Season
11/17/24,Week 11,Brooklyn Bolts,Philadelphia Soul,178.15,198.05,Season
11/17/24,Week 11,Northern Arizona Wranglers,Los Angeles Wildcats,179.35,184.8,Season
11/17/24,Week 11,Vegas Knight Hawks,Boston Brawlers,183.1,223.95,Season
11/17/24,Week 11,Chicago Slaughter,Miami Inferno,136.05,226.1,Season
11/24/24,Week 12,Tucson Sugar Skulls,Philadelphia Soul,197.5,178.15,Season
11/24/24,Week 12,Milwaukee Mustangs,Northern Arizona Wranglers,195.15,150.6,Season
11/24/24,Week 12,Cleveland Gladiators,Brooklyn Bolts,197.25,159.5,Season
11/24/24,Week 12,Cedar Rapids Titans,Vegas Knight Hawks,178.05,204.15,Season
11/24/24,Week 12,Boston Brawlers,Chicago Slaughter,187.05,153.15,Season
11/24/24,Week 12,Los Angeles Wildcats,Miami Inferno,145.95,106,Season
12/01/24,Week 13,Milwaukee Mustangs,Los Angeles Wildcats,205.3,189.2,Season
12/01/24,Week 13,Tucson Sugar Skulls,Cedar Rapids Titans,215.35,191.3,Season
12/01/24,Week 13,Cleveland Gladiators,Vegas Knight Hawks,196.45,178.35,Season
12/01/24,Week 13,Brooklyn Bolts,Chicago Slaughter,212.35,201.45,Season
12/01/24,Week 13,Philadelphia Soul,Miami Inferno,177.1,154.55,Season
12/01/24,Week 13,Northern Arizona Wranglers,Boston Brawlers,157.6,186.1,Season
12/08/24,Week 14,Milwaukee Mustangs,Vegas Knight Hawks,230.3,175.35,Season
12/08/24,Week 14,Tucson Sugar Skulls,Los Angeles Wildcats,166.05,207.8,Season
12/08/24,Week 14,Cleveland Gladiators,Philadelphia Soul,242.65,175,Season
12/08/24,Week 14,Brooklyn Bolts,Boston Brawlers,171.15,207.6,Season
12/08/24,Week 14,Northern Arizona Wranglers,Chicago Slaughter,132.25,177.35,Season
12/08/24,Week 14,Cedar Rapids Titans,Miami Inferno,171.85,201.05,Season
12/15/24,Playoff Week 1,Boston Brawlers,Tucson Sugar Skulls,224.9,260.3,Playoffs
12/15/24,Playoff Week 1,Chicago Slaughter,Vegas Knight Hawks,208,169.6,Playoffs
12/15/24,Playoff Week 1,Cleveland Gladiators,Los Angeles Wildcats,148.3,226.2,Playoffs
12/22/24,Playoff Week 2,Tucson Sugar Skulls,Milwaukee Mustangs,207.4,182,Playoffs
12/22/24,Playoff Week 2,Chicago Slaughter,Los Angeles Wildcats,232.95,132.9,Playoffs
12/29/24,Playoff Week 3,Tucson Sugar Skulls,Chicago Slaughter,232.65,194.8,Playoffs
09/07/25,Week 1,Cedar Rapids Titans,Milwaukee Mustangs,162.5,176.45,Season
09/07/25,Week 1,Chicago Slaughter,Cleveland Gladiators,150.15,132.2,Season
09/07/25,Week 1,Brooklyn Bolts,Philadelphia Soul,118.9,173.1,Season
09/07/25,Week 1,Boston Brawlers,Miami Inferno,194.3,157.4,Season
09/07/25,Week 1,Vegas Knight Hawks,Northern Arizona Wranglers,159.8,201.1,Season
09/07/25,Week 1,Los Angeles Wildcats,Tucson Sugar Skulls,213.1,192.25,Season
09/14/25,Week 2,Cleveland Gladiators,Milwaukee Mustangs,238.6,161.6,Season
09/14/25,Week 2,Brooklyn Bolts,Boston Brawlers,126.9,162.95,Season
09/14/25,Week 2,Los Angeles Wildcats,Vegas Knight Hawks,203.85,235.15,Season
09/14/25,Week 2,Philadelphia Soul,Miami Inferno,153.1,171.1,Season
09/14/25,Week 2,Tucson Sugar Skulls,Northern Arizona Wranglers,170.7,157.9,Season
09/14/25,Week 2,Chicago Slaughter,Cedar Rapids Titans,142.1,155.95,Season
09/21/25,Week 3,Cleveland Gladiators,Cedar Rapids Titans,176.8,206.35,Season
09/21/25,Week 3,Brooklyn Bolts,Miami Inferno,187.4,169.1,Season
09/21/25,Week 3,Philadelphia Soul,Boston Brawlers,200.15,201.6,Season
09/21/25,Week 3,Tucson Sugar Skulls,Vegas Knight Hawks,145.3,116.2,Season
09/21/25,Week 3,Los Angeles Wildcats,Northern Arizona Wranglers,158.05,155.7,Season
09/21/25,Week 3,Chicago Slaughter,Milwaukee Mustangs,172,175.55,Season
09/28/25,Week 4,Boston Brawlers,Cleveland Gladiators,190.65,248.65,Season
09/28/25,Week 4,Miami Inferno,Tucson Sugar Skulls,186.95,196.35,Season
09/28/25,Week 4,Brooklyn Bolts,Northern Arizona Wranglers,159.85,173.15,Season
09/28/25,Week 4,Vegas Knight Hawks,Philadelphia Soul,125.9,201.4,Season
09/28/25,Week 4,Cedar Rapids Titans,Los Angeles Wildcats,142.85,196.35,Season
09/28/25,Week 4,Milwaukee Mustangs,Chicago Slaughter,140.05,201.35,Season
10/05/25,Week 5,Vegas Knight Hawks,Los Angeles Wildcats,158.1,192.4,Season
10/05/25,Week 5,Milwaukee Mustangs,Philadelphia Soul,195.2,222.1,Season
10/05/25,Week 5,Northern Arizona Wranglers,Miami Inferno,199.8,176.75,Season
10/05/25,Week 5,Chicago Slaughter,Brooklyn Bolts,195.2,242.3,Season
10/05/25,Week 5,Tucson Sugar Skulls,Boston Brawlers,169.8,168.2,Season
10/05/25,Week 5,Cleveland Gladiators,Cedar Rapids Titans,175.6,186.4,Season
10/12/25,Week 6,Chicago Slaughter,Cedar Rapids Titans,180.35,156.8,Season
10/12/25,Week 6,Philadelphia Soul,Los Angeles Wildcats,175.4,185.85,Season
10/12/25,Week 6,Tucson Sugar Skulls,Vegas Knight Hawks,167.9,164.2,Season
10/12/25,Week 6,Milwaukee Mustangs,Miami Inferno,153.3,152.4,Season
10/12/25,Week 6,Boston Brawlers,Brooklyn Bolts,193.5,183.75,Season
10/12/25,Week 6,Northern Arizona Wranglers,Cleveland Gladiators,218.65,158.35,Season
10/19/25,Week 7,Tucson Sugar Skulls,Milwaukee Mustangs,216.2,198.75,Season
10/19/25,Week 7,Philadelphia Soul,Miami Inferno,165.1,156.95,Season
10/19/25,Week 7,Cleveland Gladiators,Brooklyn Bolts,149.45,151.5,Season
10/19/25,Week 7,Los Angeles Wildcats,Northern Arizona Wranglers,241.15,202.15,Season
10/19/25,Week 7,Boston Brawlers,Chicago Slaughter,175.95,134.9,Season
10/19/25,Week 7,Cedar Rapids Titans,Vegas Knight Hawks,206.35,223.15,Season
10/26/25,Week 8,Los Angeles Wildcats,Tucson Sugar Skulls,176.85,180.75,Season
10/26/25,Week 8,Vegas Knight Hawks,Chicago Slaughter,189.4,158.35,Season
10/26/25,Week 8,Miami Inferno,Brooklyn Bolts,141.7,113.8,Season
10/26/25,Week 8,Milwaukee Mustangs,Boston Brawlers,222.45,213.85,Season
10/26/25,Week 8,Northern Arizona Wranglers,Cedar Rapids Titans,169.05,214.75,Season
10/26/25,Week 8,Cleveland Gladiators,Philadelphia Soul,180.15,110.75,Season
11/02/25,Week 9,Milwaukee Mustangs,Brooklyn Bolts,192.55,176.85,Season
11/02/25,Week 9,Cleveland Gladiators,Los Angeles Wildcats,167.8,188.25,Season
11/02/25,Week 9,Cedar Rapids Titans,Boston Brawlers,196.95,192.6,Season
11/02/25,Week 9,Philadelphia Soul,Chicago Slaughter,217.25,159.7,Season
11/02/25,Week 9,Tucson Sugar Skulls,Northern Arizona Wranglers,194.95,184.6,Season
11/02/25,Week 9,Miami Inferno,Vegas Knight Hawks,170.85,162.1,Season
11/09/25,Week 10,Northern Arizona Wranglers,Milwaukee Mustangs,123.2,172.1,Season
11/09/25,Week 10,Vegas Knight Hawks,Cleveland Gladiators,134.95,173.85,Season
11/09/25,Week 10,Boston Brawlers,Philadelphia Soul,194.9,199.5,Season
11/09/25,Week 10,Los Angeles Wildcats,Chicago Slaughter,173.15,188.9,Season
11/09/25,Week 10,Miami Inferno,Cedar Rapids Titans,157.9,186.75,Season
11/09/25,Week 10,Brooklyn Bolts,Tucson Sugar Skulls,182.3,205.55,Season
11/16/25,Week 11,Milwaukee Mustangs,Cleveland Gladiators,206.85,176.8,Season
11/16/25,Week 11,Miami Inferno,Los Angeles Wildcats,162.95,201.15,Season
11/16/25,Week 11,Philadelphia Soul,Brooklyn Bolts,163.5,185.35,Season
11/16/25,Week 11,Boston Brawlers,Vegas Knight Hawks,158.85,120.25,Season
11/16/25,Week 11,Northern Arizona Wranglers,Chicago Slaughter,182.55,185.1,Season
11/16/25,Week 11,Cedar Rapids Titans,Tucson Sugar Skulls,143.8,180,Season
11/23/25,Week 12,Milwaukee Mustangs,Cedar Rapids Titans,168.7,183.85,Season
11/23/25,Week 12,Vegas Knight Hawks,Northern Arizona Wranglers,133.45,172.15,Season
11/23/25,Week 12,Chicago Slaughter,Cleveland Gladiators,186.55,143.6,Season
11/23/25,Week 12,Miami Inferno,Boston Brawlers,163.05,167.35,Season
11/23/25,Week 12,Brooklyn Bolts,Los Angeles Wildcats,148,193.65,Season
11/23/25,Week 12,Philadelphia Soul,Tucson Sugar Skulls,152.15,255.7,Season
11/30/25,Week 13,Los Angeles Wildcats,Milwaukee Mustangs,187.65,196.95,Season
11/30/25,Week 13,Brooklyn Bolts,Vegas Knight Hawks,145.65,205.55,Season
11/30/25,Week 13,Miami Inferno,Cleveland Gladiators,160.55,184.4,Season
11/30/25,Week 13,Tucson Sugar Skulls,Chicago Slaughter,199.65,178.25,Season
11/30/25,Week 13,Cedar Rapids Titans,Philadelphia Soul,165,168.7,Season
11/30/25,Week 13,Northern Arizona Wranglers,Boston Brawlers,188,184.9,Season
12/07/25,Week 14,Vegas Knight Hawks,Milwaukee Mustangs,115.45,219.65,Season
12/07/25,Week 14,Boston Brawlers,Los Angeles Wildcats,201.3,162.35,Season
12/07/25,Week 14,Chicago Slaughter,Miami Inferno,174.1,161.1,Season
12/07/25,Week 14,Cleveland Gladiators,Tucson Sugar Skulls,169.8,168.7,Season
12/07/25,Week 14,Northern Arizona Wranglers,Philadelphia Soul,151.95,133.35,Season
12/07/25,Week 14,Cedar Rapids Titans,Brooklyn Bolts,201.8,180.9,Season
12/14/25,Playoff Week 1,Cedar Rapids Titans,Los Angeles Wildcats,199.75,263,Playoffs
12/14/25,Playoff Week 1,Northern Arizona Wranglers,Boston Brawlers,208.4,249.7,Playoffs
12/14/25,Playoff Week 1,Philadelphia Soul,Milwaukee Mustangs,207.4,232.9,Playoffs
